薬品ｺｰﾄﾞ,ﾖﾐｶﾞﾅ,種,薬品名,規格,メーカー,棚番,薬価,購入価,在庫数,調整量,単位,①薬価金額,②購入金額,①－②,販売会社,厚生省ｺｰﾄﾞ,JAN
61319761Q10201,ｱｲﾌｧｶﾞﾝﾃ0,外,アイファガン点眼液０．１％(本5mL),"",千寿製薬,27-Ｌ,346.1,382.88,25,0,mL,8652.5,9572,-919.5,武田薬品,1319761Q1023,4987123154642;4987123154659;
62639700N10301,ｱｸｱﾁﾑｸﾘ01,外,アクアチムクリーム１％(ﾁｭｰﾌﾞ10ｇ),"",大塚製薬,19-Ｌ,26.6,29.825,20,0,ｇ,532,596.5,-64.5,大塚製薬,2639700N1032,4987035018414;
52149048F10201,ｱｼﾞﾙﾊﾞｼﾞ0,内,アジルバ錠２０ｍｇ(PTP1錠),"",武田薬品,1-Ｂ,140.2,120.49,9,0,錠,1261.8,1084.41,177.39,武田薬品,2149048F1022,4987123152228;4987123152235;
52229001F10501,ｱｽﾄﾐﾝｼ,内,アストミン錠１０ｍｇ(PTP1錠),"",オーファンパシフィッ,"",5.7,4.401,1809,0,錠,10311.3,7961.409,2349.891,オーファンパシフィッ,2229001F1053,4987858100044;4987858200041;
52229001Q10547,ｱｽﾄﾐﾝｼ,内,アストミンシロップ０．２５％(ﾊﾞﾗ1mL),"",オーファンパシフィッ,冷上,3.9,3.066,870,0,mL,3393,2667.42,725.58,オーファンパシフィッ,2229001Q1054,4987858100068;
62260700F10202,ｱｽﾞﾉｰﾙｳ,外,アズノールうがい液４％(本10mL),"",ロートニッテン,19-Ｂ,32.4,24.43,240,0,mL,7776,5863.2,1912.8,日本新薬,2260700F1021,4987173017294;4987173017300;
53229005F10801,ｱｽﾊﾟﾗｶﾘ30,内,アスパラカリウム錠３００ｍｇ(PTP1錠),"",ニプロＥＳファーマ,右,5.9,4.15,209,0,錠,1233.1,867.35,365.75,ニプロＥＳファーマ,3229005F1080,4987813704904;4987813704911;4987813704928;
52249003B10347,ｱｽﾍﾞﾘﾝｻ,内,アスベリン散１０％(ﾊﾞﾗ1ｇ),"",ニプロＥＳファーマ,粉棚た,8.4,6.7055,30,0,ｇ,252,201.165,50.835,ニプロＥＳファーマ,2249003B1037,4987813704997;4987813705000;
54490004F20201,ｱｾﾞﾌﾟﾁﾝ10,内,アゼプチン錠１ｍｇ(PTP1錠),"",エーザイ,2-D,12,11.75,28,0,錠,336,329,7,エーザイ,4490004F2028,4987028234685;4987028234708;4987028234715;
62699711Q10901,ｱﾀﾞﾊﾟﾚﾝｹﾞ,外,アダパレンゲル０．１％「ニプロ」(ﾁｭｰﾌﾞ15ｇ),"",ニプロ,事務1,26.4,26.4,15,0,ｇ,396,396,0,ニプロ,2699711Q1094,4987190092410;
53992001D10503,ｱﾃﾞﾎｽｺｶ,内,アデホスコーワ顆粒１０％(分包1ｇ),"",興和,2-E,19.9,15.0433,528,0,ｇ,10507.2,7942.8624,2564.3376,興和,3992001D1059,4987770528803;4987770529305;
52189015F11001,ｱﾄﾙﾊﾞｽﾀ05,内,アトルバスタチン錠５ｍｇ「ＺＥ」(PTP1錠),"",全星薬品,右,10.6,9.07,72,0,錠,763.2,653.04,110.16,全星薬品,2189015F1104,4987104051014;4987104051021;
52190104F10301,ｱﾏﾙｴｯﾄﾊ4,内,アマルエット配合錠４番「ＤＳＥＰ」(PTP1錠),"",第一三共エスファ,1-A,29.5,24.95,40,0,錠,1180,998,182,第一三共,2190104F1032,4987081184491;4987081184507;
52359006M10201,ｱﾐﾃｨｰｻﾞｶ0,内,アミティーザカプセル２４μｇ(PTP1Ｃ),"",マイランＥＰＤ,2-G,110.2,93.28,18,0,Ｃ,1983.6,1679.04,304.56,マイランＥＰＤ,2359006M1025,4987888172097;4987888172103;
52149114F11601,ｱﾑﾊﾞﾛﾊ,内,アムバロ配合錠「ケミファ」(PTP1錠),"",日本ケミファ,右,22,17.02,68,0,錠,1496,1157.36,338.64,日本ケミファ,2149114F1161,4987171226100;
52171022F14603,ｱﾑﾛｼﾞﾋﾟ02,内,アムロジピン錠２．５ｍｇ「ファイザー」(PTP1錠),"",ファイザーＵＰＪ,劇1,10.1,7.42,117,0,錠,1181.7,868.14,313.56,ヴィアトリス製薬,2171022F1460,4987901012904;4987901013000;
52171022F43503,ｱﾑﾛｼﾞﾋﾟｵ0,内,アムロジピンＯＤ錠５ｍｇ「ファイザー」(PTP1錠),"",ファイザーＵＰＪ,劇1,10.1,8.8125,76,0,錠,767.6,669.75,97.85,ヴィアトリス製薬,2171022F4354,4987901014403;4987901014502;
52171022F62902,ｱﾑﾛｼﾞﾋﾟｵ1,内,アムロジピンＯＤ錠１０ｍｇ「ファイザー」(PTP1錠),"",ファイザーＵＰＪ,劇1,10.1,8.86,88,0,錠,888.8,779.68,109.12,ヴィアトリス製薬,2171022F6292,4987901014809;4987901014908;
56131001M23201,ｱﾓｷｼｼﾘﾝ25,内,アモキシシリンカプセル２５０ｍｇ「日医工」(PTP1Ｃ),"",日医工ファーマ,3-E,10.1,8.04,364,0,Ｃ,3676.4,2926.56,749.84,日医工,6131001M2327,4987376011518;
66250700M11801,ｱﾗｾﾅｴﾅ,外,アラセナ－Ａ軟膏３％(ﾁｭｰﾌﾞ2ｇ),"",持田製薬,19-D,186.1,146.7,6,0,ｇ,1116.6,880.2,236.4,持田製薬,6250700M1189,4987224004709;4987224004716;
61329711Q20201,ｱﾗﾐｽﾄﾃ,外,アラミスト点鼻液２７．５μｇ１２０噴霧用　５ｍｇ１０ｇ(ｷｯﾄ1ｷｯﾄ),"",グラクソ・スミスクラ,28-M,3513.8,3050,1,0,ｷｯﾄ,3513.8,3050,463.8,グラクソ・スミスクラ,1329711Q2028,4987246752039;
61329711Q10201,ｱﾗﾐｽﾄﾃ,外,アラミスト点鼻液２７．５μｇ５６噴霧用　３ｍｇ６ｇ(ｷｯﾄ1ｷｯﾄ),"",グラクソ・スミスクラ,28-L,1672.5,1408,15,0,ｷｯﾄ,25087.5,21120,3967.5,グラクソ・スミスクラ,1329711Q1021,4987246752015;4987246752022;
52329002D43147,ｱﾙｼﾞｵｷｻｶ5,内,アルジオキサ顆粒５０％「ツルハラ」(ﾊﾞﾗ1ｇ),"",鶴原製薬,粉34,6.3,5.23,4,0,ｇ,25.2,20.92,4.28,鶴原製薬,2329002D4310,4987271005520;4987271005537;4987271005551;
52133001F15201,ｱﾙﾀﾞｸﾄﾝ02,内,アルダクトンＡ錠２５ｍｇ(PTP1錠),"",ファイザー,1-H,16.8,13.88,33,0,錠,554.4,458.04,96.36,ファイザー,2133001F1522,4987114936301;4987114936400;
51124023F11101,ｱﾙﾌﾟﾗｿﾞ04,内,アルプラゾラム錠０．４ｍｇ「サワイ」(PTP1錠),"",メディサ新薬,向,5.7,4.61,106,0,錠,604.2,488.66,115.54,沢井製薬,1124023F1118,4987080100218;4987080100232;
54490023F10201,ｱﾚｸﾞﾗｼﾞ06,内,アレグラ錠６０ｍｇ(PTP1錠),"",サノフィ,3-C,41.6,30.8714,298,0,錠,12396.8,9199.6772,3197.1228,サノフィ,4490023F1024,4987199100420;4987199100437;4987199100444;4987199100451;4987199100468;
64490700S10201,ｱﾚｻｶﾞﾃ04,外,アレサガテープ４ｍｇ(枚1枚),"",久光製薬,19-F,62.5,54.2286,131,0,枚,8187.5,7103.9466,1083.5534,久光製薬,4490700S1029,4987188487006;
64490700S20201,ｱﾚｻｶﾞﾃ08,外,アレサガテープ８ｍｇ(枚1枚),"",久光製薬,19-H,85.4,71.88,64,0,枚,5465.6,4600.32,865.28,久光製薬,4490700S2025,4987188487013;
61319762Q10201,ｱﾚｼﾞｵﾝﾃ05,外,アレジオン点眼液０．０５％(本5mL),"",参天製薬,19-G,271.7,232.1,70,0,mL,19019,16247,2772,参天製薬,1319762Q1028,4987084100672;
61319762Q20201,ｱﾚｼﾞｵﾝﾃ10,外,アレジオンＬＸ点眼液０．１％(本5mL),"",参天製薬,19-I,541.5,477.72,55,0,mL,29782.5,26274.6,3507.9,参天製薬,1319762Q2024,4987084309044;
54490025F40201,ｱﾚﾛｯｸ05,内,アレロックＯＤ錠５　５ｍｇ(PTP1錠),"",協和キリン,3-D,32.5,25.99,344,0,錠,11180,8940.56,2239.44,協和キリン,4490025F4022,4987057569628;4987057569635;4987057569642;
54490025D10201,ｱﾚﾛｯｸｶ05,内,アレロック顆粒０．５％(分包0.5ｇ),"",協和キリン,粉,44,33.14,1148.5,0,ｇ,50534,38061.29,12472.71,協和キリン,4490025D1022,4987057580678;4987057582818;
52359102X10701,ｱﾛｰｾﾞﾝ,内,アローゼン顆粒(分包0.5ｇ),"",サンファーマ,"",6.5,5.2,8,0,ｇ,52,41.6,10.4,サンファーマ,2359102X1072,4987047120723;4987047120730;4987047120747;4987047120754;
53943001F16601,ｱﾛﾌﾟﾘﾉｰ10,内,アロプリノール錠１００ｍｇ「タナベ」(PTP1錠),"",ニプロＥＳファーマ,右,10.1,9.099,880,0,錠,8888,8007.12,880.88,ニプロＥＳファーマ,3943001F1667,4987813739821;4987813739838;4987813739845;
53399006F20201,ｱﾝﾌﾟﾗｰｸ10,内,アンプラーグ錠１００ｍｇ(PTP1錠),"",田辺三菱製薬,他-１,76.7,59.01,264,0,錠,20248.8,15578.64,4670.16,田辺三菱製薬,3399006F2022,4987128303151;4987128303175;
52239001F17101,ｱﾝﾌﾞﾛｷｿ15,内,アンブロキソール塩酸塩錠１５ｍｇ「クニヒロ」(PTP1錠),"",皇漢堂,3-G,5.7,2.583,1770,0,錠,10089,4571.91,5517.09,皇漢堂,2239001F1718,4987343501509;4987343501523;
52239001Q12047,ｱﾝﾌﾞﾛｷｿｼ0,内,アンブロキソール塩酸塩シロップ小児用０．３％「タカタ」(ﾊﾞﾗ1mL),"",高田製薬,冷､え,5.2,3.758,673.44,0,mL,3501.888,2530.7875,971.1005,高田製薬,2239001Q1204,4987120067402;
52239001R11247,ｱﾝﾌﾞﾛｷｿﾄﾞ,内,アンブロキソール塩酸塩ＤＳ小児用１．５％「タカタ」(ﾊﾞﾗ1ｇ),"",高田製薬,粉た,26,21.59,768.858,0,ｇ,19990.308,16599.6442,3390.6638,高田製薬,2239001R1129,4987120120701;4987120120718;
53339003F20201,ｲｸﾞｻﾞﾚﾙﾄ1,内,イグザレルト錠１５ｍｇ(PTP1錠),"",バイエル薬品,他1,504,433.19,67,0,錠,33768,29023.73,4744.27,バイエル薬品,3339003F2020,4987341109639;4987341109646;4987341109677;
52139001S20401,ｲｿｿﾙﾋﾞﾄ,内,イソソルビド内用液７０％分包３０ｍＬ「ＣＥＯ」(分包1包),"",セオリアファーマ,25-K,121.1,94.4048,140,0,包,16954,13216.672,3737.328,武田薬品,2139001S2040,4987123156554;
66250703G10201,ｲﾅﾋﾞﾙ,外,イナビル吸入粉末剤２０ｍｇ(ｷｯﾄ1ｷｯﾄ),"",第一三共,26-M,2179.5,1941.5,4,0,ｷｯﾄ,8718,7766,952,第一三共,6250703G1022,4987081103003;
53969105F10201,ｲﾆｼﾝｸﾊ,内,イニシンク配合錠(PTP1錠),"",武田薬品,4-A,148.4,125.52,35,0,錠,5194,4393.2,800.8,武田薬品,3969105F1023,4987123158367;
52190005F22301,ｲﾌｪﾝﾌﾟﾛ02,内,イフェンプロジル酒石酸塩錠２０ｍｇ「あすか」(PTP1錠),"",あすか製薬,3-I,5.9,5.01,18,0,錠,106.2,90.18,16.02,武田薬品,2190005F2230,4987123160551;4987123160568;
52190005F22201,ｲﾌｪﾝﾌﾟﾛ02,内,イフェンプロジル酒石酸塩錠２０ｍｇ「ツルハラ」(PTP1錠),"",鶴原製薬,3-I,5.9,4.7308,100,0,錠,590,473.08,116.92,鶴原製薬,2190005F2221,4987271004752;4987271004769;
51179057G20201,ｲﾝﾁｭﾆﾌﾞ03,内,インチュニブ錠３ｍｇ(PTP1錠),"",塩野義製薬,劇1,536.2,479.36,110,0,錠,58982,52729.6,6252.4,塩野義製薬,1179057G2028,4987087042450;
52362001F21703,ｳﾙｿﾃﾞｵｷ10,内,ウルソデオキシコール酸錠１００ｍｇ「ＺＥ」(PTP1錠),"",全星薬品,右,6.6,5.63,32,0,錠,211.2,180.16,31.04,日医工,2362001F2173,4987376041317;4987376041331;
62669701Q10401,ｳﾚﾊﾟｰﾙﾛ,外,ウレパールローション１０％(本20ｇ),"",大塚製薬工場,事務1,5,4.87,140,0,ｇ,700,681.8,18.2,大塚製薬,2669701Q1040,4987035044611;
52149111F20201,ｴｶｰﾄﾞ,内,エカード配合錠ＨＤ(PTP1錠),"",武田テバ薬品,他1,77.8,60.52,90,0,錠,7002,5446.8,1555.2,武田薬品,2149111F2024,4987123141437;4987123141444;4987123144193;4987123144209;
53969011F10202,ｴｸｱ,内,エクア錠５０ｍｇ(PTP1錠),"",ノバルティスファーマ,右,65.5,51.8,86,0,錠,5633,4454.8,1178.2,住友ファーマ,3969011F1020,4987116530217;4987116530224;4987116530231;4987116530255;
51129010F11201,ｴｽｿﾞﾋﾟｸ01,内,エスゾピクロン錠１ｍｇ「トーワ」(PTP1錠),"",東和薬品,他1,13.3,11.3,86,0,錠,1143.8,971.8,172,東和薬品,1129010F1125,4987155154085;
51124001F10301,ｴｽﾀｿﾞﾗﾑ01,内,エスタゾラム錠１ｍｇ「アメル」(PTP1錠),"",共和薬品,向,5.9,4.79,60,0,錠,354,287.4,66.6,共和薬品,1124001F1030,4987058087039;
62399710E10401,ｴｽﾋﾟｰﾄﾛ,外,ＳＰトローチ０．２５ｍｇ「明治」(PTP1錠),"",ＭｅｉｊｉＳｅｉｋａ,26-J,5.7,5.7,1458,0,錠,8310.6,8310.6,0,ＭｅｉｊｉＳｅｉｋａ,2399710E1046,4987222697415;
52189018F10701,ｴｾﾞﾁﾐﾌﾞ01,内,エゼチミブ錠１０ｍｇ「ＴＣＫ」(PTP1錠),"",辰巳化学,他1,43.2,28.2,56,0,錠,2419.2,1579.2,840,辰巳化学,2189018F1078,4987124057812;4987124057829;
54490019F41001,ｴﾊﾞｽﾁﾝｵ10,内,エバスチンＯＤ錠１０ｍｇ「サワイ」(PTP1錠),"",沢井製薬,4-C,28.1,20.95,279,0,錠,7839.9,5845.05,1994.85,沢井製薬,4490019F4108,4987080120018;4987080120025;
54490019F40201,ｴﾊﾞｽﾃﾙ10,内,エバステルＯＤ錠１０ｍｇ(PTP1錠),"",住友ファーマ,4-D,64.2,47.05,245,0,錠,15729,11527.25,4201.75,住友ファーマ,4490019F4027,4987116125611;4987116125710;
53399004M30202,ｴﾊﾟﾃﾞｰﾙ60,内,エパデールＳ６００　６００ｍｇ(ｽﾃｨｯｸ包1包),"",持田製薬,右,46.5,40.7,210,0,包,9765,8547,1218,持田製薬,3399004M3029,4987224033235;4987224033259;
54490014F22502,ｴﾋﾟﾅｽﾁﾝｴ0,内,エピナスチン塩酸塩錠２０ｍｇ「ケミファ」(PTP1錠),"",日本薬品工業,4-E,24.1,21.83,153,0,錠,3687.3,3339.99,347.31,日本ケミファ,4490014F2250,4987171649244;4987171649329;4987171649558;4987171649626;
61319762Q10801,ｴﾋﾟﾅｽﾁﾝﾃﾝ,外,エピナスチン塩酸塩点眼液０．０５％「センジュ」(本5mL),"",千寿製薬,20-A,130.9,102,185,0,mL,24216.5,18870,5346.5,武田薬品,1319762Q1087,4987123002073;
51179045F80201,ｴﾋﾞﾘﾌｧｲ01,内,エビリファイ錠１ｍｇ(PTP1錠),"",大塚製薬,劇1,22.6,17.6,100,0,錠,2260,1760,500,大塚製薬,1179045F8028,4987035076711;
61329712R10201,ｴﾘｻﾞｽﾃ02,外,エリザス点鼻粉末２００μｇ２８噴霧用　５．６ｍｇ(瓶1瓶),"",日本新薬,25-J,1347.6,1068.18,9,0,瓶,12128.4,9613.62,2514.78,日本新薬,1329712R1021,4987173018291;4987173018482;
53112006M10401,ｴﾙﾃﾞｶﾙｼｶ0,内,エルデカルシトールカプセル０．５μｇ「日医工」(PTP1Ｃ),"",日医工,劇1,18,13.41,120,0,Ｃ,2160,1609.2,550.8,日医工,3112006M1049,4987376320801;4987376320818;
53112006M20301,ｴﾙﾃﾞｶﾙｼｶ0,内,エルデカルシトールカプセル０．７５μｇ「サワイ」(PTP1Ｃ),"",沢井製薬,劇1,25.6,20,70,0,Ｃ,1792,1400,392,沢井製薬,3112006M2037,4987080198116;4987080198123;4987080198178;4987080198185;
52160005F10302,ｴﾚﾄﾘﾌﾟﾀﾝ0,内,エレトリプタン錠２０ｍｇ「ＤＳＥＰ」(患者用PK1錠),"",第一三共エスファ,劇1,183.4,149.5,6,0,錠,1100.4,897,203.4,第一三共,2160005F1030,4987081188567;4987081188574;
67190701X10347,ｴﾝｶﾅﾄﾘｳ,外,塩化ナトリウム「オーツカ」(ﾊﾞﾗ1ｇ),"",大塚製薬工場,粉,0.66,0.56,500,0,ｇ,330,280,50,大塚製薬,7190701X1036,4987035056416;
56139100F20401,ｵｰｸﾞﾒﾝﾁ02,内,オーグメンチン配合錠２５０ＲＳ　３７５ｍｇ(PTP1錠),"",グラクソ・スミスクラ,"",45.7,39.6667,18,0,錠,822.6,714.0006,108.5994,グラクソ・スミスクラ,6139100F2044,4987246718226;
55200111F10201,ｵｰｽｷﾞﾄｳ,内,オースギ当帰芍薬散料エキスＴ錠(分包1錠),"",大杉製薬,右,3.5,2.94,72,0,錠,252,211.68,40.32,大杉製薬,5200111F1026,4987032023428;4987032023480;
54490017M10301,ｵﾉﾝｶﾌﾟｾ,内,オノンカプセル１１２．５ｍｇ(PTP1Ｃ),"",小野薬品,"",34.4,27.1357,140,0,Ｃ,4816,3798.998,1017.002,小野薬品,4490017M1036,4987039424044;4987039424129;4987039424396;
61329706Q10501,ｵﾌﾛｷｻｼﾝｼﾞ,外,オフロキサシン耳科用液０．３％「ＣＥＯ」　３ｍｇ(本5mL),"",セオリアファーマ,20-B,59.7,50.6,30,0,mL,1791,1518,273,武田薬品,1329706Q1055,4987123159906;4987123159913;
56139002C10247,ｵﾗﾍﾟﾈﾑ,内,オラペネム小児用細粒１０％　１００ｍｇ(ﾊﾞﾗ1ｇ),"",ＭｅｉｊｉＳｅｉｋａ,粉-そ,596.4,511.7,72.36,0,ｇ,43155.504,37026.612,6128.892,ＭｅｉｊｉＳｅｉｋａ,6139002C1026,4987222688574;4987222704342;
62399707M10502,ｵﾙﾃｸｻｰ,外,オルテクサー口腔用軟膏０．１％(ﾁｭｰﾌﾞ5ｇ),"",ビーブランド・メディ,20-C,63.3,50.2,45,0,ｇ,2848.5,2259,589.5,日本ジェネリック,2399707M1057,4987792295585;
54490025F22901,ｵﾛﾊﾟﾀｼﾞﾝ0,内,オロパタジン塩酸塩錠５ｍｇ「クニヒロ」(PTP1錠),"",皇漢堂,4-G,10.1,5,6546,0,錠,66114.6,32730,33384.6,皇漢堂,4490025F2291,4987343503800;4987343503817;
54490025F41501,ｵﾛﾊﾟﾀｼﾞﾝｵ,内,オロパタジン塩酸塩ＯＤ錠５ｍｇ「サワイ」(PTP1錠),"",沢井製薬,4-H,10.5,7.9,190,0,錠,1995,1501,494,沢井製薬,4490025F4154,4987080006411;4987080006428;
54490025D10301,ｵﾛﾊﾟﾀｼﾞﾝｶ,内,オロパタジン塩酸塩顆粒０．５％「トーワ」(分包0.5ｇ),"",東和薬品,粉あ,24.1,24.1,461.5,0,ｇ,11122.15,11122.15,0,東和薬品,4490025D1030,4987155121131;
61319752Q11101,ｵﾛﾊﾟﾀｼﾞﾝﾃ,外,オロパタジン点眼液０．１％「日新」(本5mL),"",日新製薬－山形,20-D,56.5,38.4,155,0,mL,8757.5,5952,2805.5,日新製薬－山形,1319752Q1113,4987447499016;
54291009F10301,ｶｿﾃﾞｯｸｽ,内,カソデックス錠８０ｍｇ(PTP1錠),"",アストラゼネカ,劇1,327.8,244.0667,4,0,錠,1311.2,976.2668,334.9332,アストラゼネカ,4291009F1039,4987650633306;4987650633405;4987650633504;
53999003F13301,ｶﾓｽﾀｯﾄﾒ10,内,カモスタットメシル酸塩錠１００ｍｇ「日医工」(PTP1錠),"",日医工,他-1,7.5,6.8,78,0,錠,585,530.4,54.6,日医工,3999003F1335,4987376020718;4987376020725;4987376020732;
52233002F13201,ｶﾙﾎﾞｼｽﾃｲｼ,内,カルボシステイン錠２５０ｍｇ「ＪＧ」(PTP1錠),"",日本ジェネリック,5-C,5.7,4.128,3141,0,錠,17903.7,12966.048,4937.652,日本ジェネリック,2233002F1328,4987792220617;4987792220655;
52233002F13247,ｶﾙﾎﾞｼｽﾃｲｼ,内,カルボシステイン錠２５０ｍｇ「ＪＧ」(ﾊﾞﾗ1錠),"",日本ジェネリック,バラ,5.7,4.128,158,0,錠,900.6,652.224,248.376,日本ジェネリック,2233002F1328,4987792220686;
52233002R20347,ｶﾙﾎﾞｼｽﾃﾄﾞ,内,カルボシステインＤＳ５０％「タカタ」(ﾊﾞﾗ1ｇ),"",高田製薬,粉-た,8.9,7.12,1079.01,0,ｇ,9603.189,7682.5512,1920.6378,高田製薬,2233002R2037,4987120223808;4987120223815;
61141700J20501,ｶﾛﾅｰﾙｻﾞ10,外,カロナール坐剤１００　１００ｍｇ(組5個),"",あゆみ製薬,冷蔵庫,19.7,16.26,34,0,個,669.8,552.84,116.96,あゆみ製薬,1141700J2050,4987896070743;4987896070750;
51141007C10747,ｶﾛﾅｰﾙｻｲ02,内,カロナール細粒２０％(ﾊﾞﾗ1ｇ),"",あゆみ製薬,粉-せ,7.1,6.05,199.05,0,ｇ,1413.255,1204.2525,209.0025,あゆみ製薬,1141007C1075,4987896030525;4987896030587;
51141007F10601,ｶﾛﾅｰﾙｼﾞ02,内,カロナール錠２００　２００ｍｇ(PTP1錠),"",あゆみ製薬,5-E,5.9,5.28,230,0,錠,1357,1214.4,142.6,あゆみ製薬,1141007F1063,4987896010817;4987896010824;
51141007F30201,ｶﾛﾅｰﾙｼ05,内,カロナール錠５００　５００ｍｇ(PTP1錠),"",あゆみ製薬,5-A,7.6,6.34,338,0,錠,2568.8,2142.92,425.88,あゆみ製薬,1141007F3023,4987896010978;4987896010985;4987896011210;4987896011227;
51141007F20201,ｶﾛﾅｰﾙｼﾞ30,内,カロナール錠３００　３００ｍｇ(PTP1錠),"",あゆみ製薬,5-F,6.8,5.66,263,0,錠,1788.4,1488.58,299.82,あゆみ製薬,1141007F2027,4987896010879;4987896010893;
52149040F23701,ｶﾝﾃﾞｻﾙﾀ04,内,カンデサルタン錠４ｍｇ「武田テバ」(PTP1錠),"",武田テバファーマ,5-G,10.1,7.84,85,0,錠,858.5,666.4,192.1,武田薬品,2149040F2375,4987123001601;4987123001618;4987123001625;4987123001632;
53999013F12302,ｷﾈﾀﾞｯｸｼ05,内,キネダック錠５０ｍｇ(PTP1錠),"",アルフレッサファーマ,他-1,50.7,40.7,61,0,錠,3092.7,2482.7,610,アルフレッサファーマ,3999013F1231,4987274139925;4987274139932;4987274139949;4987274139963;4987274139970;
54490026C10201,ｷﾌﾟﾚｽ04,内,キプレス細粒４ｍｇ(ｽﾃｨｯｸ包1包),"",杏林製薬,粉,122.4,100.3857,987,0,包,120808.8,99080.6859,21728.1141,杏林製薬,4490026C1021,4987060006820;4987060006837;4987060006844;
54490026F10401,ｷﾌﾟﾚｽﾁｭ00,内,キプレスチュアブル錠５ｍｇ(PTP1錠),"",杏林製薬,5-H,119.9,91.8571,399,0,錠,47840.1,36650.9829,11189.1171,杏林製薬,4490026F1044,4987060007087;4987060007599;
51179042F21901,ｸｴﾁｱﾋﾟﾝｼﾞ,内,クエチアピン錠１００ｍｇ「明治」(PTP1錠),"",ＭｅｉｊｉＳｅｉｋａ,劇-1,28.9,23,220,0,錠,6358,5060,1298,ＭｅｉｊｉＳｅｉｋａ,1179042F2190,4987222620932;4987222621076;
53222013F11801,ｸｴﾝｻﾝﾀﾞ,内,クエン酸第一鉄Ｎａ錠５０ｍｇ「ＮＩＧ」　鉄５０ｍｇ(PTP1錠),"",日医工岐阜工場,"",5.7,5.1753,227,0,錠,1293.9,1174.7931,119.1069,武田薬品,3222013F1181,4987123875561;
55200012C10604,ｸﾗｼｴｵﾂ,内,クラシエ乙字湯エキス細粒(ｽﾃｨｯｸ包3ｇ),"",クラシエ製薬,漢方-4,17.4,14.78,60,0,ｇ,1044,886.8,157.2,クラシエ薬品,5200012C1069,4987045650284;4987045650291;
55200055C10303,ｸﾗｼｴｻｲﾎ,内,クラシエ柴苓湯エキス細粒(ｽﾃｨｯｸ包2.7ｇ),"",大峰堂,右,47.7,39.8942,291.6,0,ｇ,13909.32,11633.1487,2276.1713,クラシエ薬品,5200055C1032,4987045642074;4987045642098;
55200075C10503,ｸﾗｼｴｼｮｳｾ,内,クラシエ小青竜湯エキス細粒(ｽﾃｨｯｸ包3ｇ),"",クラシエ製薬,右,18.2,15.2063,1698,0,ｇ,30903.6,25820.2974,5083.3026,クラシエ薬品,5200075C1056,4987045652844;4987045652851;
55200080C10404,ｸﾗｼｴｼﾝ,内,クラシエ辛夷清肺湯エキス細粒(ｽﾃｨｯｸ包2.5ｇ),"",大峰堂,右,12.4,10.366,982.5,0,ｇ,12183,10184.595,1998.405,クラシエ薬品,5200080C1049,4987045642135;4987045642159;
55200111C10804,ｸﾗｼｴﾄｳ,内,クラシエ当帰芍薬散料エキス細粒(ｽﾃｨｯｸ包2ｇ),"",クラシエ製薬,"",10.3,8.5714,404,0,ｇ,4161.2,3462.8456,698.3544,クラシエ薬品,5200111C1089,4987045634192;4987045634215;
55200124C10504,ｸﾗｼｴﾊﾝｹﾞ,内,クラシエ半夏白朮天麻湯エキス細粒(ｽﾃｨｯｸ包2.5ｇ),"",大峰堂,右,21.6,18.0544,1105,0,ｇ,23868,19950.112,3917.888,クラシエ薬品,5200124C1051,4987045643170;4987045643194;
55200123C10803,ｸﾗｼｴﾊﾝｹﾞｼ,内,クラシエ半夏瀉心湯エキス細粒(ｽﾃｨｯｸ包2ｇ),"",大峰堂,右,20.9,17.4762,396,0,ｇ,8276.4,6920.5752,1355.8248,クラシエ薬品,5200123C1081,4987045643132;4987045643156;
55200125F10302,ｸﾗｼｴﾋﾞｬ,内,クラシエ白虎加人参湯エキス錠(分包1錠),"",大峰堂,右,12.4,10.3631,516,0,錠,6398.4,5347.3596,1051.0404,クラシエ薬品,5200125F1036,4987045670879;4987045670893;
55200130C10603,ｸﾗｼｴﾎﾞｳ,内,クラシエ防風通聖散料エキス細粒(ｽﾃｨｯｸ包3.75ｇ),"",クラシエ製薬,"",6.7,6.0667,0,0,ｇ,0,0,0,クラシエ薬品,5200130C1065,4987045655005;4987045655012;
55200145C10703,ｸﾗｼｴﾘｮ,内,クラシエ苓桂朮甘湯エキス細粒(ｽﾃｨｯｸ包2ｇ),"",クラシエ製薬,右,7.3,6.0833,480,0,ｇ,3504,2919.984,584.016,クラシエ薬品,5200145C1070,4987045635717;4987045635731;
56149003F21001,ｸﾗﾘｽﾛﾏｲ20,内,クラリスロマイシン錠２００ｍｇ「サワイ」(PTP1錠),"",沢井製薬,6-D,20.7,20.7,213,0,錠,4409.1,4409.1,0,沢井製薬,6149003F2100,4987080549314;4987080549321;
56149003F10901,ｸﾗﾘｽﾛﾏｲｼ0,内,クラリスロマイシン錠５０ｍｇ小児用「サワイ」(PTP1錠),"",沢井製薬,6-C,14,11.19,210,0,錠,2940,2349.9,590.1,沢井製薬,6149003F1090,4987080547310;4987080547327;
56149003R10648,ｸﾗﾘｽﾛﾏｲｼ1,内,クラリスロマイシンＤＳ小児用１０％「タカタ」　１００ｍｇ(ﾊﾞﾗ1ｇ),"",高田製薬,粉-そ,33.5,30.45,146.6,0,ｇ,4911.1,4463.97,447.13,高田製薬,6149003R1062,4987120614200;
54490027F20202,ｸﾗﾘﾁﾝﾚﾃ,内,クラリチンレディタブ錠１０ｍｇ(ﾌﾞﾘｽﾀｰ1錠),"",バイエル薬品,6-E,50.2,36.82,92,0,錠,4618.4,3387.44,1230.96,バイエル薬品,4490027F2029,4987341110604;4987341110611;
52233004F10201,ｸﾘｱﾅｰﾙｼ20,内,クリアナール錠２００ｍｇ(PTP1錠),"",田辺三菱製薬,他２,10.1,8.47,94,0,錠,949.4,796.18,153.22,田辺三菱製薬,2233004F1025,4987128005031;4987128005154;
53961008F30801,ｸﾞﾘﾒﾋﾟﾘ00,内,グリメピリド錠０．５ｍｇ「ＡＡ」(PTP1錠),"",あすか製薬,"",9.8,7.68,37,0,錠,362.6,284.16,78.44,武田薬品,3961008F3082,4987123155304;
53961008F10301,ｸﾞﾘﾒﾋﾟﾘ01,内,グリメピリド錠１ｍｇ「ＡＡ」(PTP1錠),"",あすか製薬,右,10.1,7.82,87,0,錠,878.7,680.34,198.36,武田薬品,3961008F1039,4987123152372;4987123152402;
52189017F10201,ｸﾚｽﾄｰﾙｼ02,内,クレストール錠２．５ｍｇ(PTP1錠),"",アストラゼネカ,右,32.3,24.64,72,0,錠,2325.6,1774.08,551.52,塩野義製薬,2189017F1022,4987087031126;4987087031133;4987087031140;4987087031157;
62646713M12001,ｸﾛﾍﾞﾀｿﾞﾌﾟ,外,クロベタゾールプロピオン酸エステル軟膏０．０５％「ＭＹＫ」(ﾁｭｰﾌﾞ5ｇ),"",前田薬品,事務1,8.5,8.5,20,0,ｇ,170,170,0,佐藤製薬,2646713M1209,4987316136219;
52499009F10801,ｸﾛﾐｯﾄﾞｼ05,内,クロミッド錠５０ｍｇ(PTP1錠),"",富士製薬,不動,96.4,96.2,5,0,錠,482,481,1,富士製薬,2499009F1080,4987431190288;
62649729S22801,ｹﾄﾌﾟﾛﾌｪ02,外,ケトプロフェンテープ２０ｍｇ「パテル」　７ｃｍ×１０ｃｍ(枚7枚),"",大石膏盛堂,事務5,12.3,12.3,126,0,枚,1549.8,1549.8,0,杏林製薬,2649729S2282,4987060307866;4987060307873;
62649729S32101,ｹﾄﾌﾟﾛﾌｪ04,外,ケトプロフェンテープ４０ｍｇ「パテル」　１０ｃｍ×１４ｃｍ(枚7枚),"",大石膏盛堂,事務5,17.1,14.4143,175,0,枚,2992.5,2522.5025,469.9975,杏林製薬,2649729S3211,4987060307880;4987060307897;4987060307903;
62634710M10701,ｹﾞﾝﾀｼﾝﾅ,外,ゲンタシン軟膏０．１％　１ｍｇ(ﾁｭｰﾌﾞ10ｇ),"",高田製薬,20-E,11,9.46,100,0,ｇ,1100,946,154,高田製薬,2634710M1077,4987120263002;
52144012F10202,ｺﾊﾞｼﾙｼﾞ02,内,コバシル錠２ｍｇ(PTP1錠),"",協和キリン,他-1,43,38.72,46,0,錠,1978,1781.12,196.88,協和キリン,2144012F1028,4987057543628;4987057543635;
54490028F10201,ｻﾞｲｻﾞﾙ05,内,ザイザル錠５ｍｇ(PTP1錠),"",グラクソ・スミスクラ,7-C,66.2,54.28,142,0,錠,9400.4,7707.76,1692.64,グラクソ・スミスクラ,4490028F1027,4987246758017;4987246758024;
52459100F11401,ｻｸｺﾙﾁﾝｼ,内,サクコルチン配合錠(PTP1錠),"",日医工,7-D,5.7,4.225,9,0,錠,51.3,38.025,13.275,日医工,2459100F1146,4987376031318;4987376031332;
62652700X10447,ｻﾘﾁﾙｻﾝ,外,サリチル酸「ケンエー」(ﾊﾞﾗ1ｇ),"",健栄製薬,事務,2.38,2.3,1.3,0,ｇ,3.094,2.99,0.104,健栄製薬,2652700X1043,4987286205601;
62399708A10301,ｻﾙｺｰﾄ,外,サルコートカプセル外用５０μｇ(PTP1Ｃ),"",帝人ファーマ,20-F,36.7,30.94,70,0,Ｃ,2569,2165.8,403.2,帝人ファーマ,2399708A1039,4987294245026;
61319710Q20701,ｻﾝｺﾊﾞﾃ,外,サンコバ点眼液０．０２％　５ｍＬ(瓶1瓶),"",参天製薬,21-B,88.8,78,1,0,瓶,88.8,78,10.8,参天製薬,1319710Q2078,4987084120366;4987084120373;
51179046F10202,ｼﾞｪｲｿﾞﾛ02,内,ジェイゾロフト錠２５ｍｇ(PTP1錠),"",ヴィアトリス製薬,右,63.9,49.29,82,0,錠,5239.8,4041.78,1198.02,ヴィアトリス製薬,1179046F1028,4987901003704;4987901003803;4987901003902;
51179046F20202,ｼﾞｪｲｿﾞﾛ05,内,ジェイゾロフト錠５０ｍｇ(PTP1錠),"",ヴィアトリス製薬,右,108.5,83.7,90,0,錠,9765,7533,2232,ヴィアトリス製薬,1179046F2024,4987901004107;4987901004206;4987901004305;
61329701Q10301,ｼﾞｵｸﾁﾙｿ,外,ジオクチルソジウムスルホサクシネート耳科用液５％「ＣＥＯ」(本10mL),"",セオリアファーマ,20-H,47,37.27,160,0,mL,7520,5963.2,1556.8,武田薬品,1329701Q1036,4987123158565;
62649734Q20401,ｼﾞｸﾛﾌｪﾅﾅﾛ,外,ジクロフェナクＮａローション１％「ラクール」(本50ｇ),"",三友薬品,事務2,3.9,3.544,100,0,ｇ,390,354.4,35.6,ラクール薬品販売,2649734Q2049,4987435426017;
54490035F10201,ｼﾀﾞｷｭｱ20,内,シダキュアスギ花粉舌下錠２０００ＪＡＵ(ﾌﾞﾘｽﾀｰ1錠),"",鳥居薬品,他-2,58.5,52,14,0,錠,819,728,91,鳥居薬品,4490035F1027,4987158290407;
54490035F20201,ｼﾀﾞｷｭｱ50,内,シダキュアスギ花粉舌下錠５０００ＪＡＵ(ﾌﾞﾘｽﾀｰ1錠),"",鳥居薬品,7-H,146.1,130.1,266,0,錠,38862.6,34606.6,4256,鳥居薬品,4490035F2023,4987158290445;4987158290520;
62646725M12301,ｼﾞﾌﾙﾌﾟﾚﾅｰ,外,ジフルプレドナート軟膏０．０５％「イワキ」(ﾁｭｰﾌﾞ5ｇ),"",岩城製薬,事務1,10.5,6.38,50,0,ｇ,525,319,206,岩城製薬,2646725M1236,4987020020996;4987020021009;
62646725N11601,ｼﾞﾌﾙﾌﾟﾚﾅｸ,外,ジフルプレドナートクリーム０．０５％「イワキ」(ﾁｭｰﾌﾞ5ｇ),"",岩城製薬,事務1,10.5,10.5,10,0,ｇ,105,105,0,岩城製薬,2646725N1169,4987020021061;4987020021078;
53969023F10201,ｼﾞｬﾃﾞｨｱ01,内,ジャディアンス錠１０ｍｇ(PTP1錠),"",日本ベーリンガーイン,他-2,189,168.21,14,0,錠,2646,2354.94,291.06,日本ベーリンガーイン,3969023F1023,4987413300612;4987413300643;
53969013F10201,ｼｭｱﾎﾟｽﾄ02,内,シュアポスト錠０．２５ｍｇ(PTP1錠),"",住友ファーマ,6-A,21.7,27,152,0,錠,3298.4,4104,-805.6,住友ファーマ,3969013F1020,4987116530040;4987116530057;4987116530064;
52344002X12447,ｼﾞｭｳｶﾏﾖ,内,重カマ「ヨシダ」(ﾊﾞﾗ1ｇ),"",吉田製薬,粉-34,1.43,1.232,460,0,ｇ,657.8,566.72,91.08,吉田製薬,2344002X1241,4987288432258;4987288432302;4987288432401;
54490020F20203,ｼﾞﾙﾃｯｸｼ01,内,ジルテック錠１０　１０ｍｇ(PTP1錠),"",ユーシービージャパン,7-I,38.8,31,87,0,錠,3375.6,2697,678.6,グラクソ・スミスクラ,4490020F2027,4987246741033;
54490026F40302,ｼﾝｸﾞﾚｱｵ01,内,シングレアＯＤ錠１０ｍｇ(ﾌﾞﾘｽﾀｰ1錠),"",オルガノン,25-L,112.3,89.1833,57,0,錠,6401.1,5083.4481,1317.6519,オルガノン,4490026F4035,4987954808998;
52359007F10201,ｽｲﾝﾌﾟﾛｲｸ0,内,スインプロイク錠０．２ｍｇ(PTP1錠),"",塩野義製薬,右,277.1,246.9286,10,0,錠,2771,2469.286,301.714,塩野義製薬,2359007F1020,4987087042412;4987087042573;
62649858M10301,ｽﾁｯｸｾﾞﾉ,外,スチックゼノールＡ(本40ｇ),"",三笠製薬,事務1,4.25,4.25,0,0,ｇ,0,0,0,三笠製薬,2649858M1036,4987387591429;4987387591528;
51329100F10301,ｽﾄﾐﾝ,内,ストミンＡ配合錠(PTP1錠),"",ゾンネボード製薬,8-E,5.7,5.61,1050,0,錠,5985,5890.5,94.5,ゾンネボード製薬,1329100F1031,4987709200213;4987709200220;
62259807G20201,ｽﾋﾟｵﾙﾄﾚｽ6,外,スピオルトレスピマット６０吸入(ｷｯﾄ1ｷｯﾄ),"",日本ベーリンガーイン,26-L,6680.4,5772,0,0,ｷｯﾄ,0,0,0,日本ベーリンガーイン,2259807G2022,4987413836029;
52160003F11101,ｽﾏﾄﾘﾌﾟﾀﾝｼ,内,スマトリプタン錠５０ｍｇ「タカタ」(PTP1錠),"",高田製薬,劇-1,177.4,149.5,6,0,錠,1064.4,897,167.4,高田製薬,2160003F1111,4987120216008;4987120216015;
54490020F22001,ｾﾁﾘｼﾞﾝ10,内,セチリジン塩酸塩錠１０ｍｇ「科研」(PTP1錠),"",ダイト,8-G,24.6,18.33,159,0,錠,3911.4,2914.47,996.93,科研製薬,4490020F2205,4987042373018;
51339002F14301,ｾﾌｧﾄﾞｰﾙ02,内,セファドール錠２５ｍｇ(PTP1錠),"",日本新薬,8-E,9.2,7,163,0,錠,1499.6,1141,358.6,日本新薬,1339002F1438,4987173017713;4987173017720;4987173017737;
56132016F20301,ｾﾌｶﾍﾟﾝﾋ10,内,セフカペンピボキシル塩酸塩錠１００ｍｇ「サワイ」(PTP1錠),"",沢井製薬,8-H,24.6,21.82,45,0,錠,1107,981.9,125.1,沢井製薬,6132016F2038,4987080496014;4987080496021;
56132015F10801,ｾﾌｼﾞﾄﾚﾝ10,内,セフジトレンピボキシル錠１００ｍｇ「ＯＫ」(PTP1錠),"",大蔵製薬,9-I,37.7,33.33,201,0,錠,7577.7,6699.33,878.37,ＭｅｉｊｉＳｅｉｋａ,6132015F1088,4987222693042;4987222693127;
56132015C11147,ｾﾌｼﾞﾄﾚﾝｼ,内,セフジトレンピボキシル小児用細粒１０％「ＯＫ」　１００ｍｇ(ﾊﾞﾗ1ｇ),"",大蔵製薬,粉-そ,166.3,141.9,157.71,0,ｇ,26227.173,22379.049,3848.124,ＭｅｉｊｉＳｅｉｋａ,6132015C1111,4987222702256;
56132013F20301,ｾﾌｼﾞﾆﾙ10,内,セフジニル錠１００ｍｇ「サワイ」(PTP1錠),"",沢井製薬,不動,44.9,44.87,10,0,錠,449,448.7,0.3,沢井製薬,6132013F2034,4987080129011;4987080129028;
56132013C10301,ｾﾌｿﾞﾝｻｲ,内,セフゾン細粒小児用１０％　１００ｍｇ(分包0.5ｇ),"",ＬＴＬﾌｧｰﾏ,粉34,76.9,81.26,15,0,ｇ,1153.5,1218.9,-65.4,ＬＴＬﾌｧｰﾏ,6132013C1031,4987919100815;
61319745Q10202,ｾﾞﾍﾟﾘﾝﾃ00,外,ゼペリン点眼液０．１％　５ｍｇ５ｍＬ(瓶1瓶),"",わかもと製薬,21-A,600.4,502.88,25,0,瓶,15010,12572,2438,興和,1319745Q1024,4987770512604;4987770512802;4987770512901;4987770569806;
51179046F12001,ｾﾙﾄﾗﾘﾝ02,内,セルトラリン錠２５ｍｇ「明治」(PTP1錠),"",ＭｅｉｊｉＳｅｉｋａ,劇1,19.8,21.3077,426,0,錠,8434.8,9077.0802,-642.2802,ＭｅｉｊｉＳｅｉｋａ,1179046F1206,4987222653770;4987222653855;4987222653930;
52329012M10201,ｾﾙﾍﾞｯｸｽ05,内,セルベックスカプセル５０ｍｇ(PTP1Ｃ),"",エーザイ,右,9.6,7.03,96,0,Ｃ,921.6,674.88,246.72,ＥＡファーマ,2329012M1021,4987699058931;4987699058955;4987699058962;4987699058979;4987699058986;4987699059006;
51149037F10401,ｾﾚｺｷｼﾌﾞ10,内,セレコキシブ錠１００ｍｇ「ＪＧ」(PTP1錠),"",日本ジェネリック,劇1,8.5,5.28,128,0,錠,1088,675.84,412.16,日本ジェネリック,1149037F1046,4987792102289;4987792102296;
52459100F11601,ｾﾚｽﾀﾐﾝｼﾖ,内,セレスタミン配合錠(PTP1錠),"",高田製薬,9-D,8.4,6.854,4511,0,錠,37892.4,30918.394,6974.006,高田製薬,2459100F1162,4987120246036;
51124023F10303,ｿﾗﾅｯｸｽ04,内,ソラナックス０．４ｍｇ錠(PTP1錠),"",ヴィアトリス製薬,向,6.3,4.95,251,0,錠,1581.3,1242.45,338.85,ヴィアトリス製薬,1124023F1037,4987901007108;4987901007207;
51148001F21003,ｿﾗﾝﾀｰﾙｼ10,内,ソランタール錠１００ｍｇ(PTP1錠),"",ＬＴＬﾌｧｰﾏ,9-I,10.1,8.38,100,0,錠,1010,838,172,ＬＴＬﾌｧｰﾏ,1148001F2101,4987919100013;4987919100020;4987919100037;
52590011F40501,ｿﾘﾌｪﾅｼﾝｵ0,内,ソリフェナシンコハク酸塩ＯＤ錠５ｍｇ「トーワ」(PTP1錠),"",東和薬品,右,51.8,43.3,6,0,錠,310.8,259.8,51,東和薬品,2590011F4051,4987155153071;4987155153095;
51129009F22701,ｿﾞﾙﾋﾟﾃﾞ10,内,ゾルピデム酒石酸塩錠１０ｍｇ「テバ」(PTP1錠),"",武田テバ薬品,向,10.9,7.87,22,0,錠,239.8,173.14,66.66,武田薬品,1129009F2277,4987123404983;4987123404990;
61124701J20202,ﾀﾞｲｱｯﾌﾟ06,外,ダイアップ坐剤６　６ｍｇ(組5個),"",高田製薬,向,62.1,68.6,5,0,個,310.5,343,-32.5,高田製薬,1124701J2029,4987120110207;
61124701J30202,ﾀﾞｲｱｯﾌﾟ10,外,ダイアップ坐剤１０　１０ｍｇ(組5個),"",高田製薬,向,70.3,70.2,5,0,個,351.5,351,0.5,高田製薬,1124701J3025,4987120110009;
52329030F10201,ﾀｹｷｬﾌﾞ01,内,タケキャブ錠１０ｍｇ(PTP1錠),"",武田薬品,10-C,105.3,86.58,120,0,錠,12636,10389.6,2246.4,武田薬品,2329030F1020,4987123154352;4987123154369;
52329030F20201,ﾀｹｷｬﾌﾞ02,内,タケキャブ錠２０ｍｇ(PTP1錠),"",武田薬品,右,157.9,134.66,37,0,錠,5842.3,4982.42,859.88,武田薬品,2329030F2027,4987123154406;4987123154413;
61319822Q10201,ﾀﾌﾟｺﾑﾊ,外,タプコム配合点眼液(本2.5mL),"",参天製薬,27-L,841.4,712,10,0,mL,8414,7120,1294,参天製薬,1319822Q1021,4987084130105;4987084130112;
61319756Q10201,ﾀﾌﾟﾛｽ,外,タプロス点眼液０．００１５％(本2.5mL),"",参天製薬,24-A,871.4,775.86,5,0,mL,4357,3879.3,477.7,参天製薬,1319756Q1022,4987084130129;4987084130136;
56250021M10201,ﾀﾐﾌﾙｶﾌﾟ,内,タミフルカプセル７５　７５ｍｇ(PTP1Ｃ),"",中外製薬,10-D,242.2,219.7,60,0,Ｃ,14532,13182,1350,中外製薬,6250021M1027,4987136100254;4987136100278;
56250021R10247,ﾀﾐﾌﾙﾄﾞﾗ,内,タミフルドライシロップ３％(ﾊﾞﾗ1ｇ),"",中外製薬,冷蔵庫,163.9,159.9,93.43,0,ｇ,15313.177,14939.457,373.72,中外製薬,6250021R1024,4987136100315;
51190026F20201,ﾀﾘｰｼﾞｪ05,内,タリージェ錠５ｍｇ(PTP1錠),"",第一三共,他-2,100.4,87.73,64,0,錠,6425.6,5614.72,810.88,第一三共,1190026F2024,4987081108756;
54490022F40201,ﾀﾘｵﾝ10,内,タリオンＯＤ錠１０ｍｇ(PTP1錠),"",田辺三菱製薬,10-E,30.5,24.95,146,0,錠,4453,3642.7,810.3,田辺三菱製薬,4490022F4029,4987128086078;4987128126972;4987128127849;
61319722M10501,ﾀﾘﾋﾞｯﾄﾞｶ,外,タリビッド眼軟膏０．３％(ﾁｭｰﾌﾞ3.5ｇ),"",参天製薬,21-B,113.5,100.85,3.5,0,ｇ,397.25,352.975,44.275,参天製薬,1319722M1056,4987084130327;
51179017F10401,ﾀﾝｻﾝﾘﾁｳ10,内,炭酸リチウム錠１００「ヨシトミ」　１００ｍｇ(PTP1錠),"",全星薬品,劇2,5.9,4.4,20,0,錠,118,88,30,田辺三菱製薬,1179017F1048,4987128011339;4987128303212;
57142001X10447,ﾀﾝｼﾛｯﾌﾟ,内,単シロップ「ケンエー」(ﾊﾞﾗ1mL),"",健栄製薬,冷蔵庫,0.68,0.628,259,0,mL,176.12,162.652,13.468,健栄製薬,7142001X1040,4987286105246;
51129008F20601,ﾀﾝﾄﾞｽﾋﾟ10,内,タンドスピロンクエン酸塩錠１０ｍｇ「サワイ」(PTP1錠),"",沢井製薬,9-A,11.8,9.84,196,0,錠,2312.8,1928.64,384.16,沢井製薬,1129008F2060,4987080125013;
61319702Q21101,ﾁﾓﾌﾟﾄｰﾙﾃ0,外,チモプトール点眼液０．５％(本5mL),"",参天製薬,27-L,141.3,123.6,15,0,mL,2119.5,1854,265.5,参天製薬,1319702Q2111,4987084232243;
61319702Q40601,ﾁﾓﾛｰﾙｴ05,外,チモロールＸＥ点眼液０．５％「ニットー」(本2.5mL),"",東亜薬品,東店,273,215.84,25,0,mL,6825,5396,1429,日東メディック,1319702Q4068,4987497300812;4987497300829;
52431004B10347,ﾁﾗｰﾁﾞﾝ,内,チラーヂンＳ散０．０１％(ﾊﾞﾗ1ｇ),"",あすか製薬,粉劇,59.1,52.13,73,0,ｇ,4314.3,3805.49,508.81,武田薬品,2431004B1038,4987123150934;
55200008D10201,ﾂﾑﾗｵｳｷﾞ,内,ツムラ黄耆建中湯エキス顆粒（医療用）(分包3ｇ),"",ツムラ,漢方3,5.4,4.9048,558,0,ｇ,3013.2,2736.8784,276.3216,ツムラ,5200008D1025,4987138809834;4987138809841;
55200017D10801,ﾂﾑﾗｶﾐｼｮ,内,ツムラ加味逍遙散エキス顆粒（医療用）(分包2.5ｇ),"",ツムラ,漢方1,16.1,14.6286,285,0,ｇ,4588.5,4169.151,419.349,ツムラ,5200017D1083,4987138802439;4987138802446;
55200020D10201,ﾂﾑﾗｷｷｮｳ,内,ツムラ桔梗湯エキス顆粒（医療用）(分包2.5ｇ),"",ツムラ,漢方3,5.8,5.257,22.5,0,ｇ,130.5,118.2825,12.2175,ツムラ,5200020D1026,4987138813831;4987138813848;
55200039D10301,ﾂﾑﾗｹｲｼﾌ,内,ツムラ桂枝茯苓丸加よく苡仁エキス顆粒（医療用）(分包2.5ｇ),"",ツムラ,漢方1,9.9,8.9905,0,0,ｇ,0,0,0,ツムラ,5200039D1039,4987138812537;4987138812544;
55200048D10701,ﾂﾑﾗｺﾞﾚｲ,内,ツムラ五苓散エキス顆粒（医療用）(分包2.5ｇ),"",ツムラ,漢方2,13.8,12.5429,207.5,0,ｇ,2863.5,2602.6518,260.8482,ツムラ,5200048D1070,4987138801739;4987138801746;
55200055D10201,ﾂﾑﾗｻｲﾚｲ,内,ツムラ柴苓湯エキス顆粒（医療用）(分包3ｇ),"",ツムラ,右,45.3,40.3616,879,0,ｇ,39818.7,35477.8464,4340.8536,ツムラ,5200055D1020,4987138811431;4987138811448;
55200099D10201,ﾂﾑﾗﾁﾞﾂﾞ,内,ツムラ治頭瘡一方エキス顆粒（医療用）(分包2.5ｇ),"",ツムラ,漢方3,7.7,6.9905,210,0,ｇ,1617,1468.005,148.995,ツムラ,5200099D1022,4987138805935;4987138805942;
55200101D10301,ﾂﾑﾗﾁｮｳﾄ,内,ツムラ釣藤散エキス顆粒（医療用）(分包2.5ｇ),"",ツムラ,右,21,18.709,637.5,0,ｇ,13387.5,11926.9875,1460.5125,ツムラ,5200101D1030,4987138804730;4987138804747;
55200108D10201,ﾂﾑﾗﾄｳｷｲ,内,ツムラ当帰飲子エキス顆粒（医療用）(分包2.5ｇ),"",ツムラ,漢方3,12.7,11.5333,315,0,ｇ,4000.5,3632.9895,367.5105,ツムラ,5200108D1023,4987138808639;4987138808646;
55200119D10301,ﾂﾑﾗﾊﾞｸﾓ,内,ツムラ麦門冬湯エキス顆粒（医療用）(分包3ｇ),"",ツムラ,右,16.7,14.8783,2577,0,ｇ,43035.9,38341.3791,4694.5209,ツムラ,5200119D1030,4987138802934;4987138802941;
55200122D10701,ﾂﾑﾗﾊﾝｹﾞ,内,ツムラ半夏厚朴湯エキス顆粒（医療用）(分包2.5ｇ),"",ツムラ,漢方1,9.6,8.7238,307.5,0,ｇ,2952,2682.5685,269.4315,ツムラ,5200122D1074,4987138801630;4987138801647;
55200131D10601,ﾂﾑﾗﾎﾁｭｳ,内,ツムラ補中益気湯エキス顆粒（医療用）(分包2.5ｇ),"",ツムラ,漢方2,22.8,21.07,132.5,0,ｇ,3021,2791.775,229.225,ツムラ,5200131D1065,4987138804136;4987138804143;
55200132D10301,ﾂﾑﾗﾏｵｳﾄ,内,ツムラ麻黄湯エキス顆粒（医療用）(分包2.5ｇ),"",ツムラ,漢方2,7.6,6.85,320,0,ｇ,2432,2192,240,ツムラ,5200132D1035,4987138802736;4987138802743;
62259707S12101,ﾂﾛﾌﾞﾃﾛｰ00,外,ツロブテロールテープ０．５ｍｇ「久光」(枚1枚),"",久光製薬,22-G,17.6,14,60,0,枚,1056,840,216,久光製薬,2259707S1217,4987188493700;4987188493717;
62259707S22101,ﾂﾛﾌﾞﾃﾛｰ01,外,ツロブテロールテープ１ｍｇ「久光」(枚1枚),"",久光製薬,22-H,25,18.2429,83,0,枚,2075,1514.1607,560.8393,久光製薬,2259707S2213,4987188493724;4987188493731;
62259707S32101,ﾂﾛﾌﾞﾃﾛｰ02,外,ツロブテロールテープ２ｍｇ「久光」(枚1枚),"",久光製薬,22-I,32.7,23.9,109,0,枚,3564.3,2605.1,959.2,久光製薬,2259707S3210,4987188493748;4987188493755;
54490100F10202,ﾃﾞｨﾚｸﾞﾗﾊ,内,ディレグラ配合錠(PTP1錠),"",ＬＴＬﾌｧｰﾏ,10-A,38.3,45.8,78,0,錠,2987.4,3572.4,-585,ＬＴＬﾌｧｰﾏ,4490100F1021,4987919103038;4987919103045;
51190027F20201,ﾃﾞｴﾋﾞｺﾞ05,内,デエビゴ錠５ｍｇ(PTP1錠),"",エーザイ,他-2,87.9,76.71,84,0,錠,7383.6,6443.64,939.96,エーザイ,1190027F2029,4987028205630;4987028205661;
51139002F20203,ﾃｸﾞﾚﾄｰﾙ10,内,テグレトール錠１００ｍｇ(PTP1錠),"",サンファーマ,10-G,5.9,4.6,89,0,錠,525.1,409.4,115.7,サンファーマ,1139002F2026,4987047211186;
54490032F10201,ﾃﾞｻﾞﾚｯｸｽ0,内,デザレックス錠５ｍｇ(PTP1錠),"",オルガノン,10-H,51.7,40.2,355,0,錠,18353.5,14271,4082.5,杏林製薬,4490032F1023,4987060008411;4987060008435;
61319747Q10201,ﾃﾞﾀﾝﾄｰﾙ,外,デタントール０．０１％点眼液(本5mL),"",参天製薬,"",226.4,189.6,0,0,mL,0,0,0,参天製薬,1319747Q1023,4987084136107;
51139004G10401,ﾃﾞﾊﾟｹﾝR10,内,デパケンＲ錠１００ｍｇ(PTP1錠),"",協和キリン,他-2,9.1,7.61,262,0,錠,2384.2,1993.82,390.38,協和キリン,1139004G1040,4987057592596;4987057592602;
51179025F10201,ﾃﾞﾊﾟｽｼﾞ05,内,デパス錠０．５ｍｇ(PTP1錠),"",田辺三菱製薬,向,9.2,7.8,144,0,錠,1324.8,1123.2,201.6,田辺三菱製薬,1179025F1026,4987128003358;4987128003587;4987128006496;
52329012M13701,ﾃﾌﾟﾚﾉﾝ50,内,テプレノンカプセル５０ｍｇ「ＹＤ」(PTP1Ｃ),"",陽進堂,10-I,6.3,5.61,140,0,Ｃ,882,785.4,96.6,陽進堂,2329012M1374,4987476119855;4987476119862;
51179052M10701,ﾃﾞｭﾛｷｾﾁﾝｶ,内,デュロキセチンカプセル２０ｍｇ「アメル」(PTP1Ｃ),"",共和薬品,劇2,39.6,34.1,13,0,Ｃ,514.8,443.3,71.5,共和薬品,1179052M1073,4987058378038;4987058378052;
72439401G10201,ﾃﾘﾎﾞﾝ90,注,テリボン皮下注２８．２μｇオートインジェクター(ｷｯﾄ1ｷｯﾄ),"",旭化成ファーマ,冷蔵庫,5995,5995,1,0,ｷｯﾄ,5995,5995,0,旭化成ファーマ,2439401G1024,4987153090682;
52149042F32101,ﾃﾙﾐｻﾙﾀﾝ08,内,テルミサルタン錠８０ｍｇ「日医工」(PTP1錠),"",日医工,"",16,10.89,75,0,錠,1200,816.75,383.25,日医工,2149042F3214,4987376001908;4987376001915;
52329009F11101,ﾄﾞｸﾞﾏﾁｰ05,内,ドグマチール錠５０ｍｇ(PTP1錠),"",日医工,他2,10.3,8.78,143,0,錠,1472.9,1255.54,217.36,日医工,2329009F1110,4987376245302;4987376245319;
61319751Q10301,ﾄｽﾌﾛ03,外,トスフロ点眼液０．３％(本5mL),"",日東メディック,21-C,87.2,86.63,30,0,mL,2616,2598.9,17.1,日東メディック,1319751Q1038,4987497295316;4987497295323;4987497295330;
51169101F11701,ﾄﾞﾊﾟｺｰﾙﾊ0,内,ドパコール配合錠Ｌ１００(PTP1錠),"",ダイト,他-2,9.4,8.07,27,0,錠,253.8,217.89,35.91,日医工,1169101F1170,4987376404617;4987376404624;
51139008F30201,ﾄﾋﾟﾅ02,内,トピナ錠２５ｍｇ(PTP1錠),"",協和キリン,他-2,38.6,32.39,185,0,錠,7141,5992.15,1148.85,協和キリン,1139008F3020,4987057575193;
53969108F20201,ﾄﾗﾃﾞｨｱﾝｽﾋ,内,トラディアンス配合錠ＢＰ(PTP1錠),"",日本ベーリンガーイン,他-2,360.6,339.5,2,0,錠,721.2,679,42.2,日本ベーリンガーイン,3969108F2023,4987413880619;
53327002F11901,ﾄﾗﾈｷｻﾑ02,内,トラネキサム酸錠２５０ｍｇ「日医工」(PTP1錠),"",日医工,11-E,10.1,6.23,1900,0,錠,19190,11837,7353,日医工,3327002F1193,4987376522717;4987376522724;
51149038F10201,ﾄﾗﾏｰﾙｵ02,内,トラマールＯＤ錠２５ｍｇ(PTP1錠),"",日本新薬,劇2,30.2,23.64,156,0,錠,4711.2,3687.84,1023.36,日本新薬,1149038F1024,4987173018550;4987173018567;
61324702Q10447,ﾄﾗﾏｿﾞﾘﾝ,外,トラマゾリン点鼻液０．１１８％「ＡＦＰ」(ﾊﾞﾗ1mL),"",アルフレッサファーマ,28-J,6.2,5.528,7827,0,mL,48527.4,43267.656,5259.744,アルフレッサファーマ,1324702Q1042,4987274083389;4987274083402;
51231009F10801,ﾄﾗﾝｺﾛﾝ,内,トランコロン錠７．５ｍｇ(PTP1錠),"",アステラス製薬,他2,5.7,4.42,67,0,錠,381.9,296.14,85.76,アステラス製薬,1231009F1088,4987233182580;4987233182603;
53327002M13001,ﾄﾗﾝｻﾐﾝｶ25,内,トランサミンカプセル２５０ｍｇ(PTP1Ｃ),"",第一三共,11-E,10.1,8.61,688,0,Ｃ,6948.8,5923.68,1025.12,第一三共,3327002M1303,4987081104611;4987081104628;
51124007F22301,ﾄﾘｱｿﾞﾗﾑ02,内,トリアゾラム錠０．２５ｍｇ「日医工」(PTP1錠),"",日医工,向,5.9,4.44,100,0,錠,590,444,146,日医工,1124007F2239,4987376371117;4987376371124;
52132003F13801,ﾄﾘｸﾛﾙﾒﾁ02,内,トリクロルメチアジド錠２ｍｇ「タイヨー」(PTP1錠),"",武田テバファーマ,11-H,6.1,3.09,2,0,錠,12.2,6.18,6.02,武田薬品,2132003F1389,4987123409629;4987123409643;
61319819Q10301,ﾄﾞﾙﾓﾛｰﾙﾃ,外,ドルモロール配合点眼液「センジュ」(本5mL),"",千寿製薬,27-L,177.3,177.3,5,0,mL,886.5,886.5,0,武田薬品,1319819Q1038,4987123161008;4987123161015;
52399005F12401,ﾄﾞﾝﾍﾟﾘﾄ00,内,ドンペリドン錠５ｍｇ「サワイ」(PTP1錠),"",沢井製薬,11-C,5.9,4.74,90,0,錠,531,426.6,104.4,沢井製薬,2399005F1248,4987080103417;
52399005F23501,ﾄﾞﾝﾍﾟﾘﾄ01,内,ドンペリドン錠１０ｍｇ「サワイ」(PTP1錠),"",沢井製薬,11-D,5.9,4.66,109.5,0,錠,646.05,510.27,135.78,沢井製薬,2399005F2350,4987080103516;4987080103530;
51149007F11401,ﾅｲｷ10,内,ナイキサン錠１００ｍｇ(PTP1錠),"",田辺三菱製薬,他2,6.1,4.3,90,0,錠,549,387,162,ニプロＥＳファーマ,1149007F1142,4987813705130;4987813705147;
52399005F10201,ﾅｳｾﾞﾘﾝｼ00,内,ナウゼリン錠５　５ｍｇ(PTP1錠),"",協和キリン,他2,7.6,7.33,0,0,錠,0,0,0,協和キリン,2399005F1027,4987057080123;4987057080130;
52399005F20201,ﾅｳｾﾞﾘﾝｼ01,内,ナウゼリン錠１０　１０ｍｇ(PTP1錠),"",協和キリン,12-C,11.5,11.73,34,0,錠,391,398.82,-7.82,協和キリン,2399005F2023,4987057080185;4987057080192;
62639700Q10701,ﾅｼﾞﾌﾛｷｻﾛ,外,ナジフロキサシンローション１％「ＳＵＮ」(本20mL),"",サンファーマ,事務1,24,24,40,0,mL,960,960,0,サンファーマ,2639700Q1071,4987047310926;
62649734Q10501,ﾅﾎﾞｰﾙｹﾞ,外,ナボールゲル１％(ﾁｭｰﾌﾞ25ｇ),"",久光製薬,事務1,6.2,5.46,100,0,ｇ,620,546,74,久光製薬,2649734Q1050,4987188425114;4987188425404;
57111001X13548,ﾆｭｳﾄｳ90,内,乳糖水和物（結晶）「ＮｉｋＰ」(ﾊﾞﾗ1ｇ),"",日医工,粉す,1.85,1.978,411.85,0,ｇ,761.9225,814.6393,-52.7168,岩城製薬,7111001X1353,4987020009625;
62669701N21101,ﾆｮｳｿｸ02,外,尿素クリーム２０％「ＳＵＮ」(ﾁｭｰﾌﾞ25ｇ),"",サンファーマ,事務1,4,3.52,200,0,ｇ,800,704,96,サンファーマ,2669701N2113,4987047110885;
61319807M10202,ﾈｵﾒﾄﾞﾛｰ,外,ネオメドロールＥＥ軟膏(ﾁｭｰﾌﾞ3ｇ),"",ファイザー,21-D,46.6,44.25,24,0,ｇ,1118.4,1062,56.4,ファイザー,1319807M1025,4987114941404;
52329029M10202,ﾈｷｼｳﾑｶ01,内,ネキシウムカプセル１０ｍｇ(PTP1Ｃ),"",アストラゼネカ,他2,57.6,51.2,50,0,Ｃ,2880,2560,320,アストラゼネカ,2329029M1027,4987650705102;4987650705201;4987650705300;4987650705409;
52329029M20202,ﾈｷｼｳﾑｶ02,内,ネキシウムカプセル２０ｍｇ(PTP1Ｃ),"",アストラゼネカ,12-D,100,88.79,42,0,Ｃ,4200,3729.18,470.82,アストラゼネカ,2329029M2023,4987650706109;4987650706208;4987650706307;4987650706406;
53969012F30201,ﾈｼｰﾅ02,内,ネシーナ錠２５ｍｇ(PTP1錠),"",武田薬品,右,169.6,145.64,60,0,錠,10176,8738.4,1437.6,武田薬品,3969012F3028,4987123149402;4987123149419;
53179106F10301,ﾉｲﾛﾋﾞﾀﾝ,内,ノイロビタン配合錠(PTP1錠),"",ＬＴＬﾌｧｰﾏ,他2,5.8,4.84,580,0,錠,3364,2807.2,556.8,ＬＴＬﾌｧｰﾏ,3179106F1039,4987919100204;4987919100228;
53929007F10201,ﾉﾍﾞﾙｼﾞﾝｼ0,内,ノベルジン錠２５ｍｇ(PTP1錠),"",ノーベルファーマ,11-A,230.4,209.43,258,0,錠,59443.2,54032.94,5410.26,ノーベルファーマ,3929007F1029,4987846101510;
72492415G60201,ﾉﾎﾞﾗﾋﾟｯ90,注,ノボラピッド注　フレックスタッチ　３００単位(ｷｯﾄ1ｷｯﾄ),"",ノボ・ノルディスクフ,"",1693,1508,0,0,ｷｯﾄ,0,0,0,ノボ・ノルディスクフ,2492415G6025,4987616003242;
72492415G20201,ﾉﾎﾞﾗﾋﾟｯﾐ0,注,ノボラピッド３０ミックス注　フレックスペン　３００単位(ｷｯﾄ1ｷｯﾄ),"",ノボ・ノルディスクフ,冷蔵庫,1737,1547,2,0,ｷｯﾄ,3474,3094,380,ノボ・ノルディスクフ,2492415G2020,4987616001712;4987616001729;
53399007H10201,ﾊﾞｲｱｽﾋﾟ10,内,バイアスピリン錠１００ｍｇ(PTP1錠),"",バイエル薬品,右,5.7,5.1,69,0,錠,393.3,351.9,41.4,バイエル薬品,3399007H1021,4987341103071;4987341103088;4987341103095;
54490021F20201,ﾊﾞｲﾅｽｼﾞ07,内,バイナス錠７５ｍｇ(PTP1錠),"",バイエル薬品,不動,85.3,71.87,8,0,錠,682.4,574.96,107.44,バイエル薬品,4490021F2021,4987341113056;4987341113063;
61319752Q10201,ﾊﾟﾀﾉｰﾙ,外,パタノール点眼液０．１％(本5mL),"",ノバルティスファーマ,21-E,116.6,92.97,70,0,mL,8162,6507.9,1654.1,協和キリン,1319752Q1024,4987057522470;
53399100F11101,ﾊﾞﾌｧﾘﾝﾊ08,内,バファリン配合錠Ａ８１　８１ｍｇ(SP1錠),"",ライオン,右,5.7,4.47,42,0,錠,239.4,187.74,51.66,エーザイ,3399100F1116,4987028200079;4987028200086;4987028200093;
56250019F13601,ﾊﾞﾗｼｸﾛﾋｼ5,内,バラシクロビル錠５００ｍｇ「ＳＰＫＫ」(PTP1錠),"",サンドファーマ,"",97.6,86,88,0,錠,8588.8,7568,1020.8,サンド,6250019F1365,4987614439401;
56250019F12601,ﾊﾞﾗｼｸﾛﾋｼ5,内,バラシクロビル錠５００ｍｇ「テバ」(PTP1錠),"",武田テバファーマ,右,97.6,86.9286,0,0,錠,0,0,0,武田薬品,6250019F1268,4987123406406;
52329028F10201,ﾊﾟﾘｴｯﾄｼ01,内,パリエット錠１０ｍｇ(PTP1錠),"",エーザイ,13-B,61.5,46.9,84,0,錠,5166,3939.6,1226.4,ＥＡファーマ,2329028F1023,4987699058726;4987699058733;4987699058740;4987699058757;4987699058771;
51124007F10202,ﾊﾙｼｵﾝ01,内,ハルシオン０．１２５ｍｇ錠(PTP1錠),"",ファイザー,向,7.1,4.92,22,0,錠,156.2,108.24,47.96,ファイザー,1124007F1020,4987114933300;
51139004F21601,ﾊﾞﾙﾌﾟﾛ02,内,バルプロ酸ナトリウム錠２００ｍｇ「アメル」(PTP1錠),"",共和薬品,右,10.1,8.18,200,0,錠,2020,1636,384,共和薬品,1139004F2165,4987058221303;4987058221310;
52183007F10201,ﾊﾟﾙﾓﾃﾞｨ01,内,パルモディア錠０．１ｍｇ(PTP1錠),"",興和,右,33.1,29.49,12,0,錠,397.2,353.88,43.32,興和,2183007F1025,4987770515506;4987770523402;
61319720Q32301,ﾋｱﾙﾛﾝｻﾝﾅﾃ,外,ヒアルロン酸Ｎａ点眼液０．１％「センジュ」　５ｍＬ(瓶1瓶),"",千寿製薬,21-F,191.9,160.2,10,0,瓶,1919,1602,317,武田薬品,1319720Q3230,4987123001373;4987123001380;
61319720Y21801,ﾋｱﾙﾛﾝｻﾝﾅﾃ,外,ヒアルロン酸Ｎａ点眼液０．３％「センジュ」　５ｍＬ(瓶1瓶),"",千寿製薬,21-G,259,215.6,8,0,瓶,2072,1724.8,347.2,武田薬品,1319720Y2187,4987123001397;4987123001403;
51180107D11301,ﾋﾟｰｴﾙ,内,ＰＬ配合顆粒(分包1ｇ),"",シオノギファーマ,棚下,6.5,5.67,59,0,ｇ,383.5,334.53,48.97,塩野義製薬,1180107D1131,4987087035032;4987087035049;
52316017B10401,ﾋﾞｵｽﾘｰｻ,内,ビオスリー配合散(分包1ｇ),"",東亜薬品工業,粉33,6.3,5.29,114,0,ｇ,718.2,603.06,115.14,鳥居薬品,2316017B1041,4987158709176;
52316020F10202,ﾋﾞｵﾌｪﾙﾐ,内,ビオフェルミン錠剤(PTP1錠),"",ビオフェルミン製薬,13-C,5.7,4.37,164,0,錠,934.8,716.68,218.12,大正製薬,2316020F1029,4987306066182;4987306066212;4987306066250;
52316012A11302,ﾋﾞｵﾌｪﾙﾐ,内,ビオフェルミン配合散(分包1ｇ),"",ビオフェルミン製薬,粉,6.3,5.125,131,0,ｇ,825.3,671.375,153.925,大正製薬,2316012A1132,4987306066625;4987306066700;
52316004B10302,ﾋﾞｵﾌｪﾙﾐｱ,内,ビオフェルミンＲ散(分包1ｇ),"",ビオフェルミン製薬,分包,6.3,4.73,799,0,ｇ,5033.7,3779.27,1254.43,大正製薬,2316004B1036,4987306066724;4987306066847;
52316004F10203,ﾋﾞｵﾌｪﾙﾐｱ,内,ビオフェルミンＲ錠(PTP1錠),"",ビオフェルミン製薬,右,5.9,4.78,91,0,錠,536.9,434.98,101.92,大正製薬,2316004F1020,4987306066984;4987306067028;4987306067097;
52316004B10348,ﾋﾞｵﾌｪﾙﾐｱ,内,ビオフェルミンＲ散(ﾊﾞﾗ1ｇ),"",ビオフェルミン製薬,バラ,6.3,4.732,682.5,0,ｇ,4299.75,3229.59,1070.16,大正製薬,2316004B1036,4987306066922;4987306066960;
52359005F12601,ﾋﾟｺｽﾙﾌｧｼﾞ,内,ピコスルファートナトリウム錠２．５ｍｇ「イワキ」(PTP1錠),"",岩城製薬,"",5.9,5.9,0,0,錠,0,0,0,岩城製薬,2359005F1269,4987020020002;4987020020019;4987020020026;
52359005S12501,ﾋﾟｺｽﾙﾌｧﾅ,内,ピコスルファートナトリウム内用液０．７５％「ＣＨＯＳ」(本10mL),"",シー・エイチ・オー新,他3,8.1,7.6,60,0,mL,486,456,30,ファイザー,2359005S1259,4987114067203;
61315701Q40401,ﾋﾞｼﾞｭｱﾘ10,外,ビジュアリン眼科耳鼻科用液０．１％(本5mL),"",千寿製薬,21Ｈ,34.8,25.96,115,0,mL,4002,2985.4,1016.6,武田薬品,1315701Q4048,4987123149501;
52123016F11301,ﾋﾞｿﾌﾟﾛﾛﾌ0,内,ビソプロロールフマル酸塩錠２．５ｍｇ「日医工」(PTP1錠),"",日医工,右,10.1,6.85,74,0,錠,747.4,506.9,240.5,日医工,2123016F1131,4987376075312;4987376075329;
52189016F51101,ﾋﾟﾀﾊﾞｽﾀｵ0,内,ピタバスタチンカルシウムＯＤ錠２ｍｇ「ＫＯＧ」(PTP1錠),"",テイカ製薬,他３,22.6,18.92,50,0,錠,1130,946,184,テイカ製薬,2189016F5112,4987399086203;4987399086210;
66250700M12403,ﾋﾞﾀﾞﾗﾋﾅ,外,ビダラビン軟膏３％「ＳＷ」(ﾁｭｰﾌﾞ5ｇ),"",沢井製薬,事務２,88.6,88.6,0,0,ｇ,0,0,0,日医工,6250700M1243,4987376593519;4987376593526;
51139105X10301,ﾋﾀﾞﾝﾄｰﾙｴ,内,ヒダントールＦ配合錠(PTP1錠),"",藤永製薬,向29,5.9,4.7,86,0,錠,507.4,404.2,103.2,第一三共,1139105X1035,4987081100972;4987081100989;
61317712Q10301,ﾋﾟﾏﾘｼﾝ05,外,ピマリシン点眼液５％「センジュ」　５０ｍｇ(本5mL),"",千寿製薬,21-I,628.3,571,15,0,mL,9424.5,8565,859.5,武田薬品,1317712Q1033,4987123151221;
54490033F20202,ﾋﾞﾗﾉｱｵ20,内,ビラノアＯＤ錠２０ｍｇ(PTP1錠),"",大鵬薬品,13-D,61.9,51.7119,658,0,錠,40730.2,34026.4302,6703.7698,ＭｅｉｊｉＳｅｉｋａ,4490033F2024,4987222002110;
63339950M11301,ﾋﾙﾄﾞｲﾄﾞｿ,外,ヒルドイドソフト軟膏０．３％(ﾁｭｰﾌﾞ25ｇ),"",マルホ,事務2,20.1,18.54,175,0,ｇ,3517.5,3244.5,273,マルホ,3339950M1137,4987213052810;4987213052827;
63339950Q10701,ﾋﾙﾄﾞｲﾄﾞﾛ,外,ヒルドイドローション０．３％(本25ｇ),"",マルホ,事務2,20.1,17.06,425,0,ｇ,8542.5,7250.5,1292,マルホ,3339950Q1074,4987213053510;4987213053527;
54413002C10347,ﾋﾟﾚﾁｱｻ,内,ピレチア細粒１０％(ﾊﾞﾗ1ｇ),"",高田製薬,粉ち,6.3,5.3968,84.85,0,ｇ,534.555,457.9185,76.6365,高田製薬,4413002C1035,4987120441813;4987120441820;
61319706Q30401,ﾋﾟﾚﾉｷｼﾝ,外,ピレノキシン懸濁性点眼液０．００５％「参天」　５ｍＬ(瓶1瓶),"",参天製薬,22-A,64.9,53.6,7,0,瓶,454.3,375.2,79.1,参天製薬,1319706Q3043,4987084313997;4987084314208;
52325003F32201,ﾌｧﾓﾁｼﾞﾝｵ0,内,ファモチジンＯＤ錠１０ｍｇ「テバ」(PTP1錠),"",武田テバファーマ,他-3,10.1,5.65,220,0,錠,2222,1243,979,武田薬品,2325003F3221,4987123407861;4987123407878;4987123414388;
52325003F41401,ﾌｧﾓﾁｼﾞﾝﾃ0,内,ファモチジンＤ錠２０ｍｇ「サワイ」(PTP1錠),"",沢井製薬,他3,10.1,7.45,238,0,錠,2403.8,1773.1,630.7,沢井製薬,2325003F4147,4987080538110;4987080538127;4987080538134;4987080538172;4987080538189;
56173001Q10401,ﾌｧﾝｷﾞｿﾞｼ,内,ファンギゾンシロップ１００ｍｇ／ｍＬ(本24mL),"",クリニジェン,冷上,54.6,49.1667,45,0,mL,2457,2212.5015,244.4985,クリニジェン,6173001Q1047,4987909101310;4987909101327;
54490023F12701,ﾌｪｷｿﾌｪﾅ06,内,フェキソフェナジン塩酸塩錠６０ｍｇ「サワイ」(PTP1錠),"",沢井製薬,13-F,13.6,10.8,986,0,錠,13409.6,10648.8,2760.8,沢井製薬,4490023F1270,4987080263012;4987080263029;4987080263074;
53949003F11001,ﾌｪﾌﾞｷｿｽ10,内,フェブキソスタット錠１０ｍｇ「サワイ」(PTP1錠),"",沢井製薬,"",7.6,5.67,66,0,錠,501.6,374.22,127.38,沢井製薬,3949003F1104,4987080276111;4987080276128;
53949003F20501,ﾌｪﾌﾞｷｿｽ20,内,フェブキソスタット錠２０ｍｇ「ＪＧ」(PTP1錠),"",日本ジェネリック,返品,13.9,9.88,0,0,錠,0,0,0,日本ジェネリック,3949003F2054,4987792103255;
53949003F10201,ﾌｪﾌﾞﾘｸ01,内,フェブリク錠１０ｍｇ(PTP1錠),"",帝人ファーマ,13-G,27,26.75,0,0,錠,0,0,0,帝人ファーマ,3949003F1023,4987294394120;4987294394144;
62649731M10901,ﾌｪﾙﾋﾞﾅｸﾅ0,外,フェルビナクスチック軟膏３％「三笠」(本40ｇ),"",三笠製薬,事務2,5.7,5.29,80,0,ｇ,456,423.2,32.8,大正製薬,2649731M1098,4987306060128;4987306060142;
62649731Q10804,ﾌｪﾙﾋﾞﾅｸﾛ0,外,フェルビナクローション３％「ラクール」(本50mL),"",東光薬品,事務2,3.2,2.32,300,0,mL,960,696,264,ラクール薬品販売,2649731Q1081,4987435425126;
53222010N20201,ﾌｪﾙﾑｶﾌﾟ,内,フェルムカプセル１００ｍｇ　鉄１００ｍｇ(PTP1Ｃ),"",日医工,他-3,7.7,6.78,76,0,Ｃ,585.2,515.28,69.92,日医工,3222010N2022,4987376058810;4987376058827;
53222007G10301,ﾌｪﾛｸﾞﾗﾃ,内,フェロ・グラデュメット錠１０５ｍｇ(PTP1錠),"",マイランＥＰＤ,他-3,7.2,5.96,70,0,錠,504,417.2,86.8,マイランＥＰＤ,3222007G1033,4987888171991;4987888172004;
53222013F10201,ﾌｪﾛﾐｱｼﾞ05,内,フェロミア錠５０ｍｇ　鉄５０ｍｇ(PTP1錠),"",サンノーバ,右,7.7,6.07,200,0,錠,1540,1214,326,エーザイ,3222013F1025,4987028213420;4987028213437;4987028213444;
53135001F10248,ﾌｫﾘｱﾐﾝｼ00,内,フォリアミン錠　５ｍｇ(ﾊﾞﾗ1錠),"",日本製薬,"",9.8,8.375,192,0,錠,1881.6,1608,273.6,富士製薬,3135001F1025,4987431190516;
52229101F10601,ﾌｽｺﾃﾞｼﾞ,内,フスコデ配合錠(PTP1錠),"",マイランＥＰＤ,右,5.7,4.86,224,0,錠,1276.8,1088.64,188.16,マイランＥＰＤ,2229101F1060,4987888172035;4987888172042;
54490100F10301,ﾌﾟｿﾌｪｷﾊｲ,内,プソフェキ配合錠「サワイ」(PTP1錠),"",沢井製薬,12-A,18.8,15.16,84,0,錠,1579.2,1273.44,305.76,沢井製薬,4490100F1030,4987080158110;4987080158127;
52482005F10401,ﾌﾟﾗﾉﾊﾞｰ,内,プラノバール配合錠(PTP1錠),"",あすか製薬,他3,13.8,12.8,21,0,錠,289.8,268.8,21,武田薬品,2482005F1041,4987123154161;4987123154178;
53399008F20201,ﾌﾟﾗﾋﾞｯｸ07,内,プラビックス錠７５ｍｇ(PTP1錠),"",サノフィ,13-H,106.1,80.0357,120,0,錠,12732,9604.284,3127.716,サノフィ,3399008F2021,4987199232206;4987199232213;4987199232220;4987199232268;
61319761Q10401,ﾌﾞﾘﾓﾆｼﾞ01,外,ブリモニジン酒石酸塩点眼液０．１％「ＳＥＣ」(本5mL),"",参天アイケア,東店,155.1,155.1,0,0,mL,0,0,0,参天製薬,1319761Q1040,4987084314802;4987084314819;
61319748Q10401,ﾌﾞﾘﾝｿﾞﾗﾐ0,外,ブリンゾラミド懸濁性点眼液１％「センジュ」(本5mL),"",千寿製薬,27-L,131.8,110.0667,0,0,mL,0,0,0,武田薬品,1319748Q1044,4987123161022;4987123161039;
61315704Q11601,ﾌﾙｵﾛﾒﾄﾛ02,外,フルオロメトロン点眼液０．０２％「センジュ」(本5mL),"",千寿製薬,22-B,17.9,13.6,90,0,mL,1611,1224,387,武田薬品,1315704Q1166,4987123001281;
61315704Q31701,ﾌﾙｵﾛﾒﾄﾛ10,外,フルオロメトロン点眼液０．１％「センジュ」(本5mL),"",千寿製薬,22-C,17.9,13.68,55,0,mL,984.5,752.4,232.1,武田薬品,1315704Q3177,4987123001304;
52354003F23102,ﾌﾟﾙｾﾞﾆﾄ,内,プルゼニド錠１２ｍｇ(PTP1錠),"",サンファーマ,右,5.7,4.84,124,0,錠,706.8,600.16,106.64,サンファーマ,2354003F2316,4987047211346;4987047211353;4987047211360;
61329707Q32401,ﾌﾙﾁｶｿﾞﾝﾌﾟ,外,フルチカゾンプロピオン酸エステル５０ＣＥＯ５６　４．０８ｍｇ８(瓶1瓶),"",セオリアファーマ,28-K,586.8,442.4,49,0,瓶,28753.2,21677.6,7075.6,武田薬品,1329707Q3249,4987123162166;
52189012F20301,ﾌﾙﾊﾞｽﾀﾁ02,内,フルバスタチン錠２０ｍｇ「サワイ」(PTP1錠),"",沢井製薬,13-I,22.1,17.21,88,0,錠,1944.8,1514.48,430.32,沢井製薬,2189012F2034,4987080558019;4987080558026;4987080558071;
51190017F10901,ﾌﾟﾚｶﾞﾊﾞｵ0,内,プレガバリンＯＤ錠２５ｍｇ「ＺＥ」(PTP1錠),"",全星薬品,他3,17.6,15.68,60,0,錠,1056,940.8,115.2,全星薬品,1190017F1096,4987104079018;4987104079025;
52456001F20201,ﾌﾟﾚﾄﾞﾆｿ01,内,プレドニゾロン錠１ｍｇ（旭化成）(PTP1錠),"",旭化成ファーマ,他3,8.3,6.86,140,0,錠,1162,960.4,201.6,旭化成ファーマ,2456001F2023,4987153136632;4987153136649;
52456001F13501,ﾌﾟﾚﾄﾞﾆｿ05,内,プレドニゾロン錠「タケダ」５ｍｇ(PTP1錠),"",武田テバ薬品,14-B,9.8,7.15,169,0,錠,1656.2,1208.35,447.85,武田薬品,2456001F1353,4987123119597;4987123119603;
52139005F11001,ﾌﾛｾﾐﾄﾞｼ02,内,フロセミド錠２０ｍｇ「武田テバ」(PTP1錠),"",武田テバファーマ,14-C,6.1,3.85,66,0,錠,402.6,254.1,148.5,武田薬品,2139005F1109,4987123416191;4987123416207;
67121703X13301,ﾌﾟﾛﾍﾟﾄ,外,プロペト(ﾁｭｰﾌﾞ100ｇ),"",丸石製薬－大阪,事務,2.38,2.6,90,0,ｇ,214.2,234,-19.8,丸石製薬－大阪,7121703X1330,4987211153106;
51124020F20501,ﾌﾞﾛﾏｾﾞﾊｼﾞ,内,ブロマゼパム錠２ｍｇ「サンド」(PTP1錠),"",サンド,返不動動,5.7,4.22,182,0,錠,1037.4,768.04,269.36,サンド,1124020F2056,4987614422809;4987614422816;
62234700G10447,ﾌﾞﾛﾑﾍｷｼｷｭ,外,ブロムヘキシン塩酸塩吸入液０．２％「タイヨー」(ﾊﾞﾗ1mL),"",武田テバファーマ,27-M,6.6,5.2667,315,0,mL,2079,1659.0105,419.9895,武田薬品,2234700G1043,4987123409353;4987123409360;
61329702R32001,ﾍﾞｸﾛﾒﾀｿﾃ0,外,ベクロメタゾン点鼻液５０μｇ「ＣＥＯ」　８．５ｍｇ８．５ｇ(瓶1瓶),"",セオリアファーマ,27-K,347.8,261.6,29,0,瓶,10086.2,7586.4,2499.8,武田薬品,1329702R3209,4987123162142;
61329702R70301,ﾍﾞｸﾛﾒﾀｿﾊﾟ,外,ベクロメタゾンパウダー２５μｇトーワ　１．５０ｍｇ０．９０８７ｇ(瓶1瓶),"",東和薬品,24-C,562.5,562.5,34,0,瓶,19125,19125,0,東和薬品,1329702R7034,4987155140064;
52183005G13001,ﾍﾞｻﾞﾌｨﾌｼﾞ,内,ベザフィブラート徐放錠２００ｍｇ「トーワ」(PTP1錠),"",東和薬品,14=D,10.1,8.6,51,0,錠,515.1,438.6,76.5,東和薬品,2183005G1307,4987155055153;4987155055177;
61325702Q10402,ﾍﾞｽﾄﾛﾝｼ01,外,ベストロン耳鼻科用１％　１０ｍｇ（溶解後の液として）(本5mL),"",千寿製薬,22-F,92.7,82.6,35,0,mL,3244.5,2891,353.5,武田薬品,1325702Q1040,4987123147866;
51339005F14601,ﾍﾞﾀﾋｽﾁﾝﾒ0,内,ベタヒスチンメシル酸塩錠６ｍｇ「ＪＤ」(PTP1錠),"",ジェイドルフ,"",6.1,5.42,1012,0,錠,6173.2,5485.04,688.16,東和薬品,1339005F1466,4987155402025;4987155402049;
62646701M22001,ﾍﾞﾀﾒﾀｿﾞｷﾅ,外,ベタメタゾン吉草酸エステル軟膏０．１２％「イワキ」(ﾁｭｰﾌﾞ5ｇ),"",岩城製薬,事務２,6.1,6.18,65,0,ｇ,396.5,401.7,-5.2,岩城製薬,2646701M2202,4987020020897;4987020020903;
63339950R11401,ﾍﾊﾟﾘﾝﾙｲｱﾜ,外,ヘパリン類似物質外用泡状スプレー０．３％「ＰＰ」(本100ｇ),"",サンファーマ,事務2,10.3,9.27,900,0,ｇ,9270,8343,927,サンファーマ,3339950R1142,4987047104020;
63339950Q11301,ﾍﾊﾟﾘﾝﾙｲﾛ0,外,ヘパリン類似物質ローション０．３％「日医工」(本50ｇ),"",帝國製薬,事務2,5.4,4.72,300,0,ｇ,1620,1416,204,日医工,3339950Q1139,4987376559904;4987376559911;
54490022F40301,ﾍﾞﾎﾟﾀｽﾁｵ1,内,ベポタスチンベシル酸塩ＯＤ錠１０ｍｇ「タナベ」(PTP1錠),"",ニプロＥＳファーマ,14-F,13.8,11.73,642,0,錠,8859.6,7530.66,1328.94,ニプロ,4490022F4037,4987190510808;4987190510815;4987190510822;
52900003Q10247,ﾍﾏﾝｼﾞｵﾙｼﾛ,内,ヘマンジオルシロップ小児用０．３７５％(ﾊﾞﾗ1mL),"",マルホ,冷上,263.6,240.44,89.1,0,mL,23486.76,21423.204,2063.556,マルホ,2900003Q1029,4987213109804;
54419005B10448,ﾍﾟﾘｱｸﾁﾝ,内,ペリアクチン散１％(ﾊﾞﾗ1ｇ),"",日医工,粉,6.5,6.45,7.9,0,ｇ,51.35,50.955,0.395,日医工,4419005B1045,4987376104821;
52399009D20203,ﾍﾟﾝﾀｻｶ,内,ペンタサ顆粒９４％(分包1.06ｇ),"",杏林製薬,右,121,105.6792,26.5,0,ｇ,3206.5,2800.4988,406.0012,杏林製薬,2399009D2020,4987060008206;
80000000002250,ﾍﾟﾝﾆｰﾄﾞﾙ3,材,ペンニードルプラス３２Ｇ　４ｍｍ(ﾊﾞﾗ1本),"","",右,17,15.4571,98,0,本,1666,1514.7958,151.2042,ノボ・ノルディスクフ,9000000Z0020,4987616003631;
62259707S10204,ﾎｸﾅﾘﾝﾃｰ05,外,ホクナリンテープ０．５ｍｇ(枚1枚),"",マイランＥＰＤ,22-G,26.2,22.1,7,0,枚,183.4,154.7,28.7,マイランＥＰＤ,2259707S1020,4987888170840;4987888170857;
62559808M10201,ﾎﾟｽﾃﾘｻﾞﾝ,外,強力ポステリザン（軟膏）(ﾁｭｰﾌﾞ2ｇ),"",マルホ,"",18.9,16.32,72,0,ｇ,1360.8,1175.04,185.76,マルホ,2559808M1020,4987213021304;4987213021403;4987213021700;
62260701F12501,ﾎﾟﾋﾟﾖﾄﾞｶ,外,ポピヨドンガーグル７％(本30mL),"",吉田製薬,27-J,3.1,2.7613,1470,0,mL,4557,4059.111,497.889,吉田製薬,2260701F1255,4987288212805;
54419002F10201,ﾎﾟﾗﾗﾐﾝｼ,内,ポララミン錠２ｍｇ(PTP1錠),"",高田製薬,14-H,5.7,4.591,1538,0,錠,8766.6,7060.958,1705.642,高田製薬,4419002F1027,4987120441011;
54419002Q10947,ﾎﾟﾗﾗﾐﾝｼ,内,ポララミンシロップ０．０４％(ﾊﾞﾗ1mL),"",高田製薬,冷上,1.61,1.464,970,0,mL,1561.7,1420.08,141.62,高田製薬,4419002Q1095,4987120441202;
54419002R10347,ﾎﾟﾗﾗﾐﾝﾄ,内,ポララミンドライシロップ０．２％(ﾊﾞﾗ1ｇ),"",高田製薬,粉,5.8,4.82,618.5,0,ｇ,3587.3,2981.17,606.13,高田製薬,4419002R1031,4987120440717;
51141005M20901,ﾎﾟﾝﾀｰﾙｶ05,内,ポンタールカプセル２５０ｍｇ(PTP1Ｃ),"",ファイザー,不動,7.8,7.81,10,0,Ｃ,78,78.1,-0.1,第一三共,1141005M2094,4987081384563;
52329122D14101,ﾏｰｽﾞﾚﾝｴ,内,マーズレンＳ配合顆粒(分包0.67ｇ),"",寿製薬,粉34,12.1,15.42,6.03,0,ｇ,72.963,92.9826,-20.0196,ＥＡファーマ,2329122D1414,4987699057705;4987699057712;4987699057729;
62655708N12601,ﾏｲｺｽﾎﾟｰ,外,マイコスポールクリーム１％(ﾁｭｰﾌﾞ10ｇ),"",バイエル薬品,23-A,19.3,19.3,30,0,ｇ,579,579,0,バイエル薬品,2655708N1261,4987341108366;4987341108380;4987341108397;
52344009F10309,ﾏｸﾞﾐｯﾄｼ25,内,マグミット錠２５０ｍｇ(PTP1錠),"",協和化学,右,5.7,4.15,80,0,錠,456,332,124,日医工,2344009F1035,4987376924511;4987376924528;
52344009F20303,ﾏｸﾞﾐｯﾄｼ33,内,マグミット錠３３０ｍｇ(PTP1錠),"",協和化学,右,5.7,4.11,339,0,錠,1932.3,1393.29,539.01,日本新薬,2344009F2031,4987173083817;4987173083824;
51249009F10901,ﾐｵﾅｰﾙｼﾞ05,内,ミオナール錠５０ｍｇ(PTP1錠),"",エーザイ,他3,11.6,9.14,28,0,錠,324.8,255.92,68.88,エーザイ,1249009F1090,4987028233220;4987028233244;
53969009F40301,ﾐｸﾞﾘﾄｰﾙｵ0,内,ミグリトールＯＤ錠５０ｍｇ「サワイ」(PTP1錠),"",沢井製薬,右,10.8,8.43,178,0,錠,1922.4,1500.54,421.86,沢井製薬,3969009F4030,4987080136217;4987080136224;4987080136279;
53969009F50301,ﾐｸﾞﾘﾄｰﾙｵ0,内,ミグリトールＯＤ錠７５ｍｇ「サワイ」(PTP1錠),"",沢井製薬,右,13.7,10.72,73,0,錠,1000.1,782.56,217.54,沢井製薬,3969009F5037,4987080137214;4987080137276;
54490031F10201,ﾐﾃｨｷｭｱ03,内,ミティキュアダニ舌下錠３３００ＪＡＵ(ﾌﾞﾘｽﾀｰ1錠),"",鳥居薬品,15-B,66.5,59.1429,14,0,錠,931,828.0006,102.9994,鳥居薬品,4490031F1029,4987158290209;
54490031F20201,ﾐﾃｨｷｭｱ10,内,ミティキュアダニ舌下錠１００００ＪＡＵ(ﾌﾞﾘｽﾀｰ1錠),"",鳥居薬品,15-C,200.8,178.8,226,0,錠,45380.8,40408.8,4972,鳥居薬品,4490031F2025,4987158290247;4987158290254;
52316009C10247,ﾐﾔﾋﾞｰｴﾑｲﾘ,内,ミヤＢＭ細粒(ﾊﾞﾗ1ｇ),"",ミヤリサン,粉,6.3,5.054,414,0,ｇ,2608.2,2092.356,515.844,ミヤリサン,2316009C1026,4987312121363;4987312121370;4987312121387;
52316009F10202,ﾐﾔﾋﾞｰｴﾑｼﾞ,内,ミヤＢＭ錠(PTP1錠),"",ミヤリサン,"",5.7,5.1,48,0,錠,273.6,244.8,28.8,ミヤリサン,2316009F1022,4987312126573;4987312126580;4987312126597;4987312126627;4987312126634;4987312126641;
51179051F12001,ﾐﾙﾀｻﾞﾋﾟﾝ0,内,ミルタザピン錠１５ｍｇ「明治」(PTP1錠),"",大蔵製薬,劇2,25.5,0,86,0,錠,2193,0,2193,ＭｅｉｊｉＳｅｉｋａ,1179051F1207,4987222000017;4987222000024;4987222000031;
61319760Q10201,ﾑｺｽﾀﾃﾝ03,外,ムコスタ点眼液ＵＤ２％　０．３５ｍＬ(本1本),"",大塚製薬,25-M,27.3,22.21,112,0,本,3057.6,2487.52,570.08,大塚製薬,1319760Q1029,4987035515616;
52239001G20201,ﾑｺｿﾙﾊﾞﾝｴ0,内,ムコソルバンＬ錠４５ｍｇ(PTP1錠),"",帝人ファーマ,他3,33.8,27.87,123,0,錠,4157.4,3428.01,729.39,帝人ファーマ,2239001G2027,4987294222737;4987294222744;4987294222751;
52239001F16901,ﾑｺｿﾙﾊﾞﾝｼﾞ,内,ムコソルバン錠１５ｍｇ(PTP1錠),"",帝人ファーマ,15-E,11.4,8.73,454,0,錠,5175.6,3963.42,1212.18,帝人ファーマ,2239001F1696,4987294222324;4987294222331;4987294222348;
52233002Q10347,ﾑｺﾀﾞｲﾝｼ,内,ムコダインシロップ５％(ﾊﾞﾗ1mL),"",杏林製薬,冷,6.1,4.78,1371.4,0,mL,8365.54,6555.292,1810.248,杏林製薬,2233002Q1035,4987060003737;4987060003744;
52233002F11701,ﾑｺﾀﾞｲﾝｼ25,内,ムコダイン錠２５０ｍｇ(PTP1錠),"",杏林製薬,15-F,8.5,6.65,134,0,錠,1139,891.1,247.9,杏林製薬,2233002F1174,4987060005342;4987060005359;4987060005366;4987060005373;4987060005380;
56132015F10301,ﾒｲｱｸﾄｴﾑ,内,メイアクトＭＳ錠１００ｍｇ(PTP1錠),"",ＭｅｉｊｉＳｅｉｋａ,15-G,46,40.7,133,0,錠,6118,5413.1,704.9,ＭｅｉｊｉＳｅｉｋａ,6132015F1037,4987222664486;4987222664554;
51124029F10201,ﾒｲﾗｯｸｽｼ01,内,メイラックス錠１ｍｇ(PTP1錠),"",ＭｅｉｊｉＳｅｉｋａ,向,12.4,10.1,100,0,錠,1240,1010,230,ＭｅｉｊｉＳｅｉｋａ,1124029F1026,4987222742290;4987222742450;4987222742528;
54413004F12101,ﾒｷﾀｼﾞﾝｼ,内,メキタジン錠３ｍｇ「タイヨー」(PTP1錠),"",武田テバファーマ,15-H,5.7,4.085,1301,0,錠,7415.7,5314.585,2101.115,武田薬品,4413004F1219,4987123409292;4987123414098;
52223001F20901,ﾒｼﾞｺﾝｼﾞ,内,メジコン錠１５ｍｇ(PTP1錠),"",シオノギファーマ,他3,5.7,4.87,72,0,錠,410.4,350.64,59.76,塩野義製薬,2223001F2099,4987087003208;4987087025552;
53136004F10501,ﾒﾁｺﾊﾞｰﾙ02,内,メチコバール錠２５０μｇ　０．２５ｍｇ(PTP1錠),"",エーザイ,他3,10.1,7.86,80,0,錠,808,628.8,179.2,エーザイ,3136004F1050,4987028266365;4987028266389;
53136004F21301,ﾒﾁｺﾊﾞｰﾙ05,内,メチコバール錠５００μｇ　０．５ｍｇ(PTP1錠),"",エーザイ,15-I,12.2,9.79,972,0,錠,11858.4,9515.88,2342.52,エーザイ,3136004F2138,4987028266501;4987028266525;4987028266532;4987028266563;4987028266570;
52113005F10501,ﾒﾁﾙｼﾞｺﾞ10,内,メチルジゴキシン錠０．１ｍｇ「ＮＩＧ」(PTP1錠),"",日医工岐阜工場,"",5.9,4.3239,81,0,錠,477.9,350.2359,127.6641,武田薬品,2113005F1056,4987123002974;4987123002981;
67131700X11548,ﾒｯｷﾝｾｲｾ,外,滅菌精製水「ヨシダ」(ﾊﾞﾗ1mL),"",吉田製薬,クリンベンチ,0.43,0.3999,1218,0,mL,523.74,487.0782,36.6618,吉田製薬,7131700X1154,4987288250012;4987288250029;4987288250036;4987288250043;4987288250050;4987288250067;4987288250074;4987288250081;4987288250098;
67131700X11553,ﾒｯｷﾝｾｲｾ,外,滅菌精製水「ヨシダ」(1mL),"",吉田製薬,"",0.43,0,0,0,mL,0,0,0,"",7131700X1154
53962002F20201,ﾒﾄｸﾞﾙｺ02,内,メトグルコ錠２５０ｍｇ(PTP1錠),"",住友ファーマ,右劇,10.1,8,121,0,錠,1222.1,968,254.1,住友ファーマ,3962002F2027,4987116530002;4987116530026;
53962002F30701,ﾒﾄﾎﾙﾐﾝｴﾑ0,内,メトホルミン塩酸塩錠５００ｍｇＭＴ「三和」(PTP1錠),"",三和化学研究所,劇2,10.1,10.1,108,0,錠,1090.8,1090.8,0,三和化学研究所,3962002F3074,4987086410922;4987086410939;
52478002F20601,ﾒﾄﾞﾛｷｼﾌ05,内,メドロキシプロゲステロン酢酸エステル錠５ｍｇ「Ｆ」(PTP1錠),"",富士製薬,"",17,17,0,0,錠,0,0,0,富士製薬,2478002F2068,4987431121213;4987431121220;
62259704G90301,ﾒﾌﾟﾁﾝｴｱ,外,メプチンエアー１０μｇ吸入１００回　０．０１４３％５ｍＬ(ｷｯﾄ1ｷｯﾄ),"",大塚製薬,26-L,726.4,726,4,0,ｷｯﾄ,2905.6,2904,1.6,大塚製薬,2259704G9033,4987035510611;
51339005F12901,ﾒﾘｽﾛﾝｼﾞ00,内,メリスロン錠６ｍｇ(PTP1錠),"",エーザイ,右,8.7,6.89,633,0,錠,5507.1,4361.37,1145.73,エーザイ,1339005F1296,4987028253358;4987028253372;
52432001F10301,ﾒﾙｶｿﾞｰﾙ05,内,メルカゾール錠５ｍｇ(PTP1錠),"",あすか製薬,他3,9.8,7.58,11,0,錠,107.8,83.38,24.42,武田薬品,2432001F1033,4987123158831;4987123158848;
52399010F12401,ﾓｻﾌﾟﾘﾄﾞｸｴ,内,モサプリドクエン酸塩錠２．５ｍｇ「日医工」(PTP1錠),"",日医工,16-B,9.8,6.27,440,0,錠,4312,2758.8,1553.2,日医工,2399010F1249,4987376033114;
52399010F21902,ﾓｻﾌﾟﾘﾄﾞｸｴ,内,モサプリドクエン酸塩錠５ｍｇ「ケミファ」(PTP1錠),"",日本ケミファ,"",10.1,8.16,40,0,錠,404,326.4,77.6,日本薬品工業,2399010F2199,4987440596019;4987440596101;4987440596156;
61329710Q10301,ﾓﾒﾀｿﾞﾝﾃ05,外,モメタゾン点鼻液５０μｇ「杏林」５６噴霧用　５ｍｇ１０ｇ(瓶1瓶),"",キョーリンリメディオ,26-K,563,483.8,25,0,瓶,14075,12095,1980,杏林製薬,1329710Q1035,4987060308023;
54490026F23601,ﾓﾝﾃﾙｶｽﾄ10,内,モンテルカスト錠１０ｍｇ「サワイ」(PTP1錠),"",沢井製薬,16-E,19.9,15.32,1152,0,錠,22924.8,17648.64,5276.16,沢井製薬,4490026F2369,4987080225119;
54490026C11801,ﾓﾝﾃﾙｶｽﾄｻ0,内,モンテルカスト細粒４ｍｇ「日新」(ｽﾃｨｯｸ包1包),"",日新製薬－山形,"",24.8,22.2857,1297,0,包,32165.6,28904.5529,3261.0471,日新製薬－山形,4490026C1188,4987447424018;4987447424025;
54490026F11801,ﾓﾝﾃﾙｶｽﾄﾁｭ,内,モンテルカストチュアブル錠５ｍｇ「サワイ」(PTP1錠),"",沢井製薬,16-C,25.1,18.0214,759,0,錠,19050.9,13678.2426,5372.6574,沢井製薬,4490026F1184,4987080139270;4987080139287;
52190006M11501,ﾕﾍﾞﾗNｶ,内,ユベラＮカプセル１００ｍｇ(PTP1Ｃ),"",エーザイ,他-3,5.9,5.04,85,0,Ｃ,501.5,428.4,73.1,エーザイ,2190006M1156,4987028225508;4987028225515;4987028225539;4987028225546;
53150002F12301,ﾕﾍﾞﾗｼﾞｮ05,内,ユベラ錠５０ｍｇ(PTP1錠),"",サンノーバ,他3,5.7,4.32,17,0,錠,96.9,73.44,23.46,エーザイ,3150002F1239,4987028209409;4987028209430;
62649805M10201,ﾕﾍﾞﾗﾅﾝｺ,外,ユベラ軟膏(ﾁｭｰﾌﾞ56ｇ),"",サンノーバ,冷蔵庫,2.9,2.24,280,0,ｇ,812,627.2,184.8,エーザイ,2649805M1026,4987028209812;
52590010F20201,ﾕﾘｰﾌ04,内,ユリーフ錠４ｍｇ(PTP1錠),"",キッセイ薬品,劇2,51.8,39.55,87,0,錠,4506.6,3440.85,1065.75,キッセイ薬品,2590010F2020,4987051838324;4987051838331;4987051838348;4987051838355;
55900003F10247,ﾖｸｲﾆﾝｴｷ,内,ヨクイニンエキス錠「コタロー」(ﾊﾞﾗ1錠),"",小太郎漢方,漢方4,5.9,5.36,324,0,錠,1911.6,1736.64,174.96,小太郎漢方,5900003F1021,4987301326113;4987301326144;4987301326342;4987301326649;
52139005F23402,ﾗｼｯｸｽｼﾞ04,内,ラシックス錠４０ｍｇ(PTP1錠),"",サノフィ,17-B,12.2,11.08,84,0,錠,1024.8,930.72,94.08,日医工,2139005F2342,4987376556217;
56241019F10201,ﾗｽﾋﾞｯｸｼﾞ0,内,ラスビック錠７５ｍｇ(PTP1錠),"",杏林製薬,17-C,334.5,297.4,74,0,錠,24753,22007.6,2745.4,杏林製薬,6241019F1021,4987060008664;
61319817Q10301,ﾗﾀﾁﾓﾃ,外,ラタチモ配合点眼液「センジュ」(本2.5mL),"",千寿製薬,冷蔵庫,367.1,307.04,5,0,mL,1835.5,1535.2,300.3,武田薬品,1319817Q1039,4987123160285;4987123160292;
61319739Q11701,ﾗﾀﾉﾌﾟﾛｽ05,外,ラタノプロスト点眼液０．００５％「センジュ」(本2.5mL),"",千寿製薬,冷蔵庫,242.6,178.88,7.5,0,mL,1819.5,1341.6,477.9,武田薬品,1319739Q1177,4987123152006;4987123152013;
54490021F20301,ﾗﾏﾄﾛﾊﾞﾝ07,内,ラマトロバン錠７５ｍｇ「ＫＯ」(PTP1錠),"",寿製薬,"",33.7,25.33,422,0,錠,14221.4,10689.26,3532.14,寿製薬,4490021F2030,4987071160016;4987071160023;
51190016F10301,ﾗﾒﾙﾃｵﾝ08,内,ラメルテオン錠８ｍｇ「武田テバ」(PTP1錠),"",武田テバファーマ,"",27.9,24.86,100,0,錠,2790,2486,304,武田薬品,1190016F1032,4987123002523;
52329023F11001,ﾗﾝｿﾌﾟﾗｿｵ0,内,ランソプラゾールＯＤ錠１５ｍｇ「サワイ」(PTP1錠),"",沢井製薬,"",16.4,14.09,71,0,錠,1164.4,1000.39,164.01,沢井製薬,2329023F1101,4987080610014;4987080610021;4987080610076;4987080610083;
53339002F20201,ﾘｸｼｱﾅ03,内,リクシアナ錠３０ｍｇ(PTP1錠),"",第一三共,他3,411.3,361.33,9,0,錠,3701.7,3251.97,449.73,第一三共,3339002F2026,4987081102754;4987081102761;
52160006F20601,ﾘｻﾞﾄﾘﾌﾟﾀｵ,内,リザトリプタンＯＤ錠１０ｍｇ「ファイザー」(PTP1錠),"",ファイザー,劇2,119.2,98.16,12,0,錠,1430.4,1177.92,252.48,ファイザー,2160006F2065,4987114165503;4987114165602;
53999019F20401,ﾘｾﾄﾞﾛﾝ17,内,リセドロン酸Ｎａ錠１７．５ｍｇ「サワイ」(PTP1錠),"",沢井製薬,劇2,125.2,96.5,4,0,錠,500.8,386,114.8,沢井製薬,3999019F2049,4987080260011;4987080260028;4987080260080;
52189016F50201,ﾘﾊﾞﾛｵ02,内,リバロＯＤ錠２ｍｇ(PTP1錠),"",興和,17-E,70.3,60.63,147,0,錠,10334.1,8912.61,1421.49,興和,2189016F5023,4987770509307;4987770509406;4987770509505;4987770509604;4987770509703;
51139003F10401,ﾘﾎﾞﾄﾘｰﾙ05,内,リボトリール錠０．５ｍｇ(SP1錠),"",太陽ファルマ,向,9.3,7.87,161,0,錠,1497.3,1267.07,230.23,太陽ファルマ,1139003F1040,4987925117845;4987925117869;
62647709M11001,ﾘﾝﾃﾞﾛﾝ01,外,リンデロン－ＶＧ軟膏０．１２％(ﾁｭｰﾌﾞ5ｇ),"",シオノギファーマ,24-E,27.7,24.42,115,0,ｇ,3185.5,2808.3,377.2,塩野義製薬,2647709M1102,4987087003826;4987087003833;
61319812M10201,ﾘﾝﾃﾞﾛﾝｴ,外,眼・耳科用リンデロンＡ軟膏(ﾁｭｰﾌﾞ5ｇ),"",シオノギファーマ,"",67.7,61.4,5,0,ｇ,338.5,307,31.5,塩野義製薬,1319812M1026,4987087006643;
51179008F20202,ﾙｼﾞｵﾐｰﾙ02,内,ルジオミール錠２５ｍｇ(PTP1錠),"",サンファーマ,右,16.4,16.36,11,0,錠,180.4,179.96,0.44,サンファーマ,1179008F2029,4987047211568;
53969020F10203,ﾙｾﾌｨ02,内,ルセフィ錠２．５ｍｇ(PTP1錠),"",大正製薬,17-F,161.2,137.76,9,0,錠,1450.8,1239.84,210.96,大正製薬,3969020F1020,4987306013858;4987306013865;4987306013872;
52482009F20201,ﾙﾅﾍﾞﾙﾕｰ,内,ルナベル配合錠ＵＬＤ(PTP1錠),"",ノーベルファーマ,他3,213.1,172.8571,21,0,錠,4475.1,3629.9991,845.1009,日本新薬,2482009F2020,4987173018468;4987173018475;
54490034F10201,ﾙﾊﾟﾌｨﾝ01,内,ルパフィン錠１０ｍｇ(PTP1錠),"",帝國製薬,17-G,54.9,54.9,613,0,錠,33653.7,33653.7,0,田辺三菱製薬,4490034F1022,4987128322527;4987128326358;
62655712N10201,ﾙﾘｺﾝｸ,外,ルリコンクリーム１％(ﾁｭｰﾌﾞ10ｇ),"",サンファーマ,"",36.1,30.49,70,0,ｇ,2527,2134.3,392.7,サンファーマ,2655712N1020,4987047105010;4987047105027;4987047105034;
51179054F10201,ﾚｸｻﾌﾟﾛｼ01,内,レクサプロ錠１０ｍｇ(PTP1錠),"",持田製薬,劇2,169.9,169.9,20,0,錠,3398,3398,0,田辺三菱製薬,1179054F1022,4987128106721;4987128138289;
62642702N10247,ﾚｽﾀﾐﾝｺｰ,外,レスタミンコーワクリーム１％(ﾊﾞﾗ1ｇ),"",興和,事務2,2.62,2.03,300,0,ｇ,786,609,177,興和,2642702N1029,4987770556707;4987770556806;
52144002F10202,ﾚﾆﾍﾞｰｽｼ02,内,レニベース錠２．５　２．５ｍｇ(PTP1錠),"",オルガノン,他-3,17.3,13.53,36,0,錠,622.8,487.08,135.72,ＭＳＤ,2144002F1024,4987185122009;
52329021F10901,ﾚﾊﾞﾐﾋﾟﾄ10,内,レバミピド錠１００ｍｇ「サワイ」(PTP1錠),"",沢井製薬,17-H,10.1,7.336,538,0,錠,5433.8,3946.768,1487.032,沢井製薬,2329021F1099,4987080499114;4987080499121;4987080499176;4987080499183;
72492417G10301,ﾚﾍﾞﾐﾙﾌ30,注,レベミル注　フレックスペン　３００単位(ｷｯﾄ1ｷｯﾄ),"",ノボ・ノルディスクフ,冷蔵庫,2194,1954.5,1,0,ｷｯﾄ,2194,1954.5,239.5,ノボ・ノルディスクフ,2492417G1030,4987616002481;
61319746Q10301,ﾚﾎﾞｶﾊﾞｽ,外,レボカバスチン点眼液０．０２５％「ＴＳ」(本5mL),"",テイカ製薬,"",59.7,49.9,0,0,mL,0,0,0,テイカ製薬,1319746Q1037,4987399026155;
54490028F12001,ﾚﾎﾞｾﾁﾘｼﾞｴ,内,レボセチリジン塩酸塩錠５ｍｇ「明治」(PTP1錠),"",ＭｅｉｊｉＳｅｉｋａ,18-B,22.3,17.66,664,0,錠,14807.2,11726.24,3080.96,ＭｅｉｊｉＳｅｉｋａ,4490028F1205,4987222000895;4987222000901;
61319742Q12301,ﾚﾎﾞﾌﾛｷﾃ05,外,レボフロキサシン点眼液０．５％「わかもと」(本5mL),"",わかもと製薬,24-E,31.6,22.8,35,0,mL,1106,798,308,わかもと製薬,1319742Q1233,4987243319006;4987243319013;4987243319020;
61319742Q22001,ﾚﾎﾞﾌﾛｷﾃ15,外,レボフロキサシン点眼液１．５％「わかもと」(本5mL),"",わかもと製薬,24-F,21.1,19.45,40,0,mL,844,778,66,わかもと製薬,1319742Q2205,4987243318702;4987243318726;
62290803G30201,ﾚﾙﾍﾞｱ01,外,レルベア１００エリプタ３０吸入用(ｷｯﾄ1ｷｯﾄ),"",グラクソ・スミスクラ,26-L,5192.2,4507,1,0,ｷｯﾄ,5192.2,4507,685.2,グラクソ・スミスクラ,2290803G3020,4987246767033;
51124009F20201,ﾚﾝﾄﾞﾙﾐﾝ02,内,レンドルミンＤ錠０．２５ｍｇ(PTP1錠),"",日本ベーリンガーイン,向,16.8,13.04,67,0,錠,1125.6,873.68,251.92,日本ベーリンガーイン,1124009F2025,4987413580618;4987413580625;
62649735S30201,ﾛｷｿﾆﾝﾃ10,外,ロキソニンテープ１００ｍｇ　１０ｃｍ×１４ｃｍ(枚7枚),"",リードケミカル,事務5,24.4,19.8286,84,0,枚,2049.6,1665.6024,383.9976,第一三共,2649735S3020,4987081100316;4987081100323;4987081101092;
62649735S10201,ﾛｷｿﾆﾝﾊ,外,ロキソニンパップ１００ｍｇ　１０ｃｍ×１４ｃｍ(枚7枚),"",リードケミカル,事務5,24.4,22.71,7,0,枚,170.8,158.97,11.83,第一三共,2649735S1028,4987081474004;4987081474042;4987081474080;
62649735Q10401,ﾛｷｿﾌﾟﾛﾌｹﾞ,外,ロキソプロフェンＮａゲル１％「ＮＰ」(ﾁｭｰﾌﾞ25ｇ),"",ニプロファーマ,事務2,2.6,2.012,0,0,ｇ,0,0,0,ニプロ,2649735Q1047,4987190065919;4987190065926;
62649735S21301,ﾛｷｿﾌﾟﾛﾌﾃ0,外,ロキソプロフェンＮａテープ５０ｍｇ「科研」　７ｃｍ×１０ｃｍ(枚7枚),"",帝國製薬,事務5,12.3,9.4,154,0,枚,1894.2,1447.6,446.6,科研製薬,2649735S2130,4987042357018;4987042357049;
62649735S31301,ﾛｷｿﾌﾟﾛﾌﾃ1,外,ロキソプロフェンＮａテープ１００ｍｇ「科研」　１０ｃｍ×１４ｃｍ(枚7枚),"",帝國製薬,事務5,17.1,12.8286,105,0,枚,1795.5,1347.003,448.497,科研製薬,2649735S3136,4987042357315;4987042357346;
51149019F17201,ﾛｷｿﾌﾟﾛﾌﾅｼ,内,ロキソプロフェンＮａ錠６０ｍｇ「あすか」(PTP1錠),"",あすか製薬,18-D,9.8,7.737,2158,0,錠,21148.4,16696.446,4451.954,武田薬品,1149019F1722,4987123160940;4987123160957;
62646717M10901,ﾛｺｲﾄﾞﾅﾝ,外,ロコイド軟膏０．１％(ﾁｭｰﾌﾞ5ｇ),"",鳥居薬品,事務2,11.1,9.74,35,0,ｇ,388.5,340.9,47.6,鳥居薬品,2646717M1096,4987158151005;4987158151012;
52189017F10301,ﾛｽﾊﾞｽﾀﾁﾝｼ,内,ロスバスタチン錠２．５ｍｇ「ＤＳＥＰ」(PTP1錠),"",第一三共エスファ,右,14.3,11.95,142,0,錠,2030.6,1696.9,333.7,第一三共,2189017F1030,4987081186907;4987081186914;4987081186921;4987081186938;
51190016F10201,ﾛｾﾞﾚﾑ90,内,ロゼレム錠８ｍｇ(PTP1錠),"",武田薬品,他3,85.9,71,120,0,錠,10308,8520,1788,武田薬品,1190016F1024,4987123143936;
51124029F11201,ﾛﾌﾗｾﾞﾌﾟ01,内,ロフラゼプ酸エチル錠１ｍｇ「サワイ」(PTP1錠),"",沢井製薬,向,5.9,4.88,22,0,錠,129.8,107.36,22.44,沢井製薬,1124029F1123,4987080033516;4987080033530;
52319001M13501,ﾛﾍﾟﾗﾐﾄﾞｶ0,内,ロペラミド塩酸塩カプセル１ｍｇ「サワイ」(PTP1Ｃ),"",沢井製薬,右,6.2,4.86,62,0,Ｃ,384.4,301.32,83.08,沢井製薬,2319001M1353,4987080023616;4987080023623;
61329709Q10301,ﾛﾒﾌﾛﾝｼﾞ,外,ロメフロン耳科用液０．３％(本5mL),"",千寿製薬,24-G,113.1,95.12,30,0,mL,3393,2853.6,539.4,武田薬品,1329709Q1032,4987123147880;
61319734Q10401,ﾛﾒﾌﾛﾝﾃﾝ,外,ロメフロン点眼液０．３％(本5mL),"",千寿製薬,27-L,110.7,87.2,85,0,mL,9409.5,7412,1997.5,武田薬品,1319734Q1042,4987123147736;4987123147743;
54490027F21401,ﾛﾗﾀｼﾞﾝｵ01,内,ロラタジンＯＤ錠１０ｍｇ「サワイ」(PTP1錠),"",沢井製薬,18-G,19.2,14.4,311,0,錠,5971.2,4478.4,1492.8,沢井製薬,4490027F2142,4987080219019;4987080219071;
51124010F10301,ﾛﾗﾒｯﾄｼﾞ,内,ロラメット錠１．０　１ｍｇ(PTP1錠),"",あすか製薬,向,16.8,14.58,69,0,錠,1159.2,1006.02,153.18,武田薬品,1124010F1030,4987123153515;4987123153539;
53332001F30301,ﾜｰﾌｧﾘﾝｼ,内,ワーファリン錠０．５ｍｇ(PTP1錠),"",エーザイ,右,9.8,6.86,63,0,錠,617.4,432.18,185.22,エーザイ,3332001F3035,4987028240501;4987028240532;
53332001F10201,ﾜｰﾌｧﾘﾝｼ01,内,ワーファリン錠１ｍｇ(PTP1錠),"",エーザイ,右,9.8,6.86,87,0,錠,852.6,596.82,255.78,エーザイ,3332001F1024,4987028240303;4987028240334;
56131001C21047,ﾜｲﾄﾞｼﾘﾝ20,内,ワイドシリン細粒２０％　２００ｍｇ(ﾊﾞﾗ1ｇ),"",ＭｅｉｊｉＳｅｉｋａ,粉,11.6,9.58,485.72,0,ｇ,5634.352,4653.1976,981.1544,ＭｅｉｊｉＳｅｉｋａ,6131001C2100,4987222648752;4987222648837;
51124022F10601,ﾜｲﾊﾟｯｸｽ05,内,ワイパックス錠０．５　０．５ｍｇ(PTP1錠),"",ファイザー,"",5.9,4.62,10,0,錠,59,46.2,12.8,ファイザー,1124022F1067,4987114553409;

